,y_train,y_train_pred,y_dev,y_dev_pred,y_test,y_test_pred
2015-01-01,135.0,134.5175805311547,,,,
2015-01-02,187.0,134.936020218042,,,,
2015-01-03,139.0,156.980025417993,,,,
2015-01-04,141.0,154.53128495459043,,,,
2015-01-05,147.0,152.48082797815752,,,,
2015-01-06,118.0,150.84195569801636,,,,
2015-01-07,155.0,148.67139729647198,,,,
2015-01-08,134.0,136.0045462359985,,,,
2015-01-09,189.0,157.94757142739962,,,,
2015-01-10,128.0,140.6873740651853,,,,
2015-01-11,123.0,145.2333130013964,,,,
2015-01-12,168.0,152.11828435357057,,,,
2015-01-13,180.0,139.89565177305593,,,,
2015-01-14,149.0,158.19828864676862,,,,
2015-01-15,149.0,136.8446089851325,,,,
2015-01-16,190.0,172.43165157508838,,,,
2015-01-17,123.0,142.50456908645685,,,,
2015-01-18,153.0,143.95749496556311,,,,
2015-01-19,155.0,160.87685968810888,,,,
2015-01-20,157.0,151.2272060002162,,,,
2015-01-21,144.0,150.51086956370702,,,,
2015-01-22,136.0,135.40641909890124,,,,
2015-01-23,166.0,174.08393737278695,,,,
2015-01-24,134.0,134.8516276517095,,,,
2015-01-25,121.0,147.2836355260301,,,,
2015-01-26,154.0,152.65258606291485,,,,
2015-01-27,150.0,147.4642018601571,,,,
2015-01-28,114.0,145.53142377807166,,,,
2015-01-29,141.0,134.2276790607636,,,,
2015-01-30,180.0,175.47167119928415,,,,
2015-01-31,116.0,136.16041891652225,,,,
2015-02-01,153.0,135.6715526244753,,,,
2015-02-02,166.0,154.41191272060632,,,,
2015-02-03,159.0,152.18104071787513,,,,
2015-02-04,145.0,146.05802047737262,,,,
2015-02-05,133.0,143.5871474922577,,,,
2015-02-06,192.0,172.58493399681177,,,,
2015-02-07,127.0,130.6534191450886,,,,
2015-02-08,155.0,141.35611481197972,,,,
2015-02-09,163.0,160.3640814545265,,,,
2015-02-10,153.0,155.86631085338317,,,,
2015-02-11,160.0,145.82114336127813,,,,
2015-02-12,142.0,136.57570989173132,,,,
2015-02-13,206.0,177.7959688473456,,,,
2015-02-14,135.0,135.08632351377173,,,,
2015-02-15,155.0,146.7397910126791,,,,
2015-02-16,173.0,163.20401482149947,,,,
2015-02-17,174.0,155.40696202360445,,,,
2015-02-18,140.0,150.05777928527525,,,,
2015-02-19,171.0,141.13176562560454,,,,
2015-02-20,179.0,185.5489867945463,,,,
2015-02-21,146.0,133.37455286835623,,,,
2015-02-22,143.0,151.9916882000525,,,,
2015-02-23,159.0,163.42199942878443,,,,
2015-02-24,183.0,160.37950039139972,,,,
2015-02-25,155.0,148.14049804920728,,,,
2015-02-26,136.0,143.99681392848547,,,,
2015-02-27,193.0,180.32290011877973,,,,
2015-02-28,131.0,138.9586318144788,,,,
2015-03-01,185.0,152.43578334797357,,,,
2015-03-02,152.0,169.25067178932616,,,,
2015-03-03,138.0,159.2053045210291,,,,
2015-03-04,151.0,144.47537466913263,,,,
2015-03-05,154.0,141.46761184451404,,,,
2015-03-06,205.0,187.61248209031575,,,,
2015-03-07,145.0,139.8903240600748,,,,
2015-03-08,134.0,154.54684582344413,,,,
2015-03-09,178.0,160.39453685166097,,,,
2015-03-10,160.0,158.51517951504877,,,,
2015-03-11,153.0,151.06497102235434,,,,
2015-03-12,139.0,149.66858831808565,,,,
2015-03-13,200.0,186.46422691458628,,,,
2015-03-14,136.0,138.43370343673269,,,,
2015-03-15,151.0,148.91838082007325,,,,
2015-03-16,163.0,164.9569163767223,,,,
2015-03-17,143.0,163.59059723939146,,,,
2015-03-18,160.0,149.13656540930438,,,,
2015-03-19,125.0,145.41980556895174,,,,
2015-03-20,174.0,181.69657012957674,,,,
2015-03-21,134.0,131.98859733934637,,,,
2015-03-22,152.0,152.40141897246303,,,,
2015-03-23,152.0,163.45327279592553,,,,
2015-03-24,172.0,155.6093552963938,,,,
2015-03-25,163.0,150.0980042160582,,,,
2015-03-26,134.0,142.26630406811444,,,,
2015-03-27,162.0,187.84886009353252,,,,
2015-03-28,132.0,137.43226084146062,,,,
2015-03-29,134.0,148.5206313502599,,,,
2015-03-30,141.0,159.36282969168175,,,,
2015-03-31,147.0,150.12817398271,,,,
2015-04-01,149.0,147.2408758158316,,,,
2015-04-02,119.0,141.68056917040744,,,,
2015-04-03,139.0,177.9522213867996,,,,
2015-04-04,114.0,123.47908454988324,,,,
2015-04-05,80.0,143.9709328309375,,,,
2015-04-06,116.0,145.98173799564643,,,,
2015-04-07,177.0,147.45454932357885,,,,
2015-04-08,137.0,141.4158037936211,,,,
2015-04-09,150.0,129.76709950277663,,,,
2015-04-10,190.0,175.1663994141135,,,,
2015-04-11,132.0,135.42410654243434,,,,
2015-04-12,156.0,144.58749131196797,,,,
2015-04-13,145.0,156.65192856055467,,,,
2015-04-14,155.0,154.15540069093518,,,,
2015-04-15,150.0,146.19352545410595,,,,
2015-04-16,153.0,135.4667145070946,,,,
2015-04-17,179.0,178.26314343555825,,,,
2015-04-18,129.0,127.35147934715022,,,,
2015-04-19,163.0,140.35028235973596,,,,
2015-04-20,160.0,157.77312085270722,,,,
2015-04-21,153.0,158.5171519734329,,,,
2015-04-22,154.0,146.70308209483542,,,,
2015-04-23,132.0,137.28745935789854,,,,
2015-04-24,153.0,176.09903415628688,,,,
2015-04-25,147.0,125.97268321719862,,,,
2015-04-26,135.0,144.35645236779789,,,,
2015-04-27,169.0,153.95672905309527,,,,
2015-04-28,153.0,159.60682298493717,,,,
2015-04-29,148.0,144.73121956990175,,,,
2015-04-30,132.0,140.1314977898369,,,,
2015-05-01,155.0,173.93773723585014,,,,
2015-05-02,131.0,127.28030768770229,,,,
2015-05-03,129.0,143.03335244787786,,,,
2015-05-04,177.0,150.79309242872975,,,,
2015-05-05,122.0,157.54882789585764,,,,
2015-05-06,134.0,142.7165708865318,,,,
2015-05-07,126.0,134.04927012438912,,,,
2015-05-08,177.0,170.03325800442877,,,,
2015-05-09,143.0,132.056477702618,,,,
2015-05-10,152.0,140.75006478465764,,,,
2015-05-11,188.0,159.60707665420526,,,,
2015-05-12,143.0,157.76736431572658,,,,
2015-05-13,160.0,143.47687282623602,,,,
2015-05-14,153.0,135.1814162394039,,,,
2015-05-15,160.0,178.12681806846814,,,,
2015-05-16,145.0,132.26755198785276,,,,
2015-05-17,157.0,147.06446299822412,,,,
2015-05-18,181.0,160.90928417503642,,,,
2015-05-19,135.0,158.11072536781793,,,,
2015-05-20,154.0,142.5474172551532,,,,
2015-05-21,140.0,139.64516596989372,,,,
2015-05-22,177.0,173.6418030168619,,,,
2015-05-23,120.0,134.58419134733265,,,,
2015-05-24,134.0,145.0944677673832,,,,
2015-05-25,145.0,160.22660545046168,,,,
2015-05-26,143.0,149.59304711809435,,,,
2015-05-27,116.0,142.24421477009577,,,,
2015-05-28,122.0,128.7848947622105,,,,
2015-05-29,161.0,169.7984490679056,,,,
2015-05-30,123.0,131.87609021814484,,,,
2015-05-31,135.0,142.45431156018955,,,,
2015-06-01,142.0,154.210071057834,,,,
2015-06-02,150.0,143.7617440293963,,,,
2015-06-03,158.0,139.8804034679236,,,,
2015-06-04,133.0,134.72133180876193,,,,
2015-06-05,157.0,174.37274452069715,,,,
2015-06-06,125.0,132.30875753884632,,,,
2015-06-07,152.0,140.80698565987464,,,,
2015-06-08,178.0,154.9563607249278,,,,
2015-06-09,156.0,151.74580578030927,,,,
2015-06-10,159.0,143.19653213037387,,,,
2015-06-11,126.0,137.69892716036418,,,,
2015-06-12,158.0,171.75107610967416,,,,
2015-06-13,126.0,128.38760555795378,,,,
2015-06-14,146.0,142.95259327510522,,,,
2015-06-15,161.0,155.54810126021374,,,,
2015-06-16,147.0,147.91852193250278,,,,
2015-06-17,131.0,141.3408129968425,,,,
2015-06-18,130.0,132.93966921937368,,,,
2015-06-19,177.0,168.9062188243994,,,,
2015-06-20,136.0,134.3153196575343,,,,
2015-06-21,138.0,141.0648882700558,,,,
2015-06-22,145.0,155.4266681169507,,,,
2015-06-23,139.0,146.58367989323835,,,,
2015-06-24,123.0,144.05812851327565,,,,
2015-06-25,131.0,129.68284171409167,,,,
2015-06-26,180.0,170.24284822046275,,,,
2015-06-27,121.0,126.68289404344976,,,,
2015-06-28,156.0,138.73497606373962,,,,
2015-06-29,156.0,156.12770397824266,,,,
2015-06-30,140.0,154.00558545609726,,,,
2015-07-01,146.0,142.47692561905026,,,,
2015-07-02,125.0,131.66603860117206,,,,
2015-07-03,143.0,164.43170839062068,,,,
2015-07-04,115.0,123.3289360880998,,,,
2015-07-05,110.0,140.7060499009385,,,,
2015-07-06,173.0,152.60979338851914,,,,
2015-07-07,149.0,146.63196866696373,,,,
2015-07-08,137.0,134.6595412009551,,,,
2015-07-09,119.0,126.53141915148873,,,,
2015-07-10,171.0,164.43525867891861,,,,
2015-07-11,98.0,132.16269699674152,,,,
2015-07-12,142.0,136.8887914648818,,,,
2015-07-13,156.0,153.57243114325763,,,,
2015-07-14,147.0,141.7252743401238,,,,
2015-07-15,131.0,137.21373897967496,,,,
2015-07-16,121.0,127.46839426824829,,,,
2015-07-17,136.0,168.27350157267543,,,,
2015-07-18,128.0,123.36756072776906,,,,
2015-07-19,140.0,138.1924419493532,,,,
2015-07-20,170.0,147.69782059531826,,,,
2015-07-21,117.0,143.63309127655552,,,,
2015-07-22,127.0,132.06402944711155,,,,
2015-07-23,122.0,125.61935510115548,,,,
2015-07-24,148.0,165.26672298843087,,,,
2015-07-25,117.0,120.7018375390058,,,,
2015-07-26,139.0,132.79291195178706,,,,
2015-07-27,155.0,150.17618164762294,,,,
2015-07-28,129.0,141.70783005326473,,,,
2015-07-29,139.0,133.6679141501695,,,,
2015-07-30,127.0,130.59680479817845,,,,
2015-07-31,148.0,159.49410910011406,,,,
2015-08-01,127.0,118.85130604016464,,,,
2015-08-02,116.0,133.00207289267198,,,,
2015-08-03,145.0,148.04977646334305,,,,
2015-08-04,155.0,141.6306211689763,,,,
2015-08-05,119.0,139.30083188399755,,,,
2015-08-06,103.0,121.19574654465605,,,,
2015-08-07,143.0,153.54218154702158,,,,
2015-08-08,121.0,115.84195219009104,,,,
2015-08-09,136.0,134.42957937620116,,,,
2015-08-10,165.0,151.87358553244957,,,,
2015-08-11,150.0,142.42709035083445,,,,
2015-08-12,141.0,132.26995139351888,,,,
2015-08-13,123.0,119.59725721969406,,,,
2015-08-14,163.0,159.6387170167967,,,,
2015-08-15,117.0,125.73966911085802,,,,
2015-08-16,150.0,139.5750909185755,,,,
2015-08-17,136.0,151.43764057882996,,,,
2015-08-18,143.0,136.44935776994006,,,,
2015-08-19,152.0,128.63094158052593,,,,
2015-08-20,122.0,127.15045264966298,,,,
2015-08-21,163.0,161.5262736705293,,,,
2015-08-22,120.0,126.4054401892737,,,,
2015-08-23,155.0,133.3826261742216,,,,
2015-08-24,155.0,152.87419948118782,,,,
2015-08-25,123.0,140.37378130642568,,,,
2015-08-26,133.0,135.04791211991042,,,,
2015-08-27,141.0,124.49376543492177,,,,
2015-08-28,160.0,163.56332867410916,,,,
2015-08-29,112.0,120.95996543459381,,,,
2015-08-30,147.0,136.7220610910469,,,,
2015-08-31,153.0,151.74763225300862,,,,
2015-09-01,154.0,140.83679310348592,,,,
2015-09-02,139.0,136.49886778168576,,,,
2015-09-03,119.0,125.35637648149724,,,,
2015-09-04,167.0,163.0158359629197,,,,
2015-09-05,134.0,125.0837301483176,,,,
2015-09-06,148.0,138.91225418571665,,,,
2015-09-07,131.0,150.2187162044304,,,,
2015-09-08,121.0,141.00311302443268,,,,
2015-09-09,142.0,133.3858038088344,,,,
2015-09-10,139.0,129.0054271646732,,,,
2015-09-11,134.0,162.23295522514348,,,,
2015-09-12,102.0,117.95796139183793,,,,
2015-09-13,137.0,131.72978305438863,,,,
2015-09-14,154.0,148.43153899200743,,,,
2015-09-15,138.0,138.88839339000435,,,,
2015-09-16,157.0,135.21115357740337,,,,
2015-09-17,128.0,127.60475168978297,,,,
2015-09-18,152.0,161.63628410019408,,,,
2015-09-19,131.0,123.52066146555309,,,,
2015-09-20,139.0,139.76538103631339,,,,
2015-09-21,138.0,150.3795352996905,,,,
2015-09-22,146.0,138.25454704424556,,,,
2015-09-23,141.0,136.40804800423575,,,,
2015-09-24,118.0,125.66593818698577,,,,
2015-09-25,154.0,160.0125194920579,,,,
2015-09-26,120.0,120.3412953116627,,,,
2015-09-27,120.0,137.18648989175628,,,,
2015-09-28,163.0,142.9871075869053,,,,
2015-09-29,148.0,140.4571423698131,,,,
2015-09-30,132.0,135.6771066622274,,,,
2015-10-01,117.0,127.91698668053047,,,,
2015-10-02,160.0,159.8023251302326,,,,
2015-10-03,135.0,125.01711061907938,,,,
2015-10-04,119.0,134.97777157892335,,,,
2015-10-05,159.0,144.53439980963657,,,,
2015-10-06,152.0,141.5406191088968,,,,
2015-10-07,127.0,141.41817007579084,,,,
2015-10-08,130.0,124.99683036585955,,,,
2015-10-09,152.0,158.96337116506976,,,,
2015-10-10,103.0,119.70661114272242,,,,
2015-10-11,124.0,131.43366404855328,,,,
2015-10-12,159.0,145.85104179277766,,,,
2015-10-13,141.0,142.18973075408698,,,,
2015-10-14,130.0,134.93668101061417,,,,
2015-10-15,119.0,124.1007827227214,,,,
2015-10-16,133.0,159.33091681376956,,,,
2015-10-17,109.0,116.649765839024,,,,
2015-10-18,125.0,130.3846907762609,,,,
2015-10-19,129.0,144.14226054218977,,,,
2015-10-20,156.0,136.70932028098633,,,,
2015-10-21,123.0,134.26144193996527,,,,
2015-10-22,111.0,119.96511207364992,,,,
2015-10-23,157.0,151.92682082146345,,,,
2015-10-24,112.0,117.95267902967618,,,,
2015-10-25,126.0,132.93031482182315,,,,
2015-10-26,126.0,146.33070986237402,,,,
2015-10-27,118.0,134.76715255884776,,,,
2015-10-28,106.0,126.83487401374228,,,,
2015-10-29,135.0,115.43305311387842,,,,
2015-10-30,125.0,154.0000206535001,,,,
2015-10-31,107.0,112.33677277762939,,,,
2015-11-01,116.0,126.89180207122565,,,,
2015-11-02,160.0,137.14159133928746,,,,
2015-11-03,137.0,135.9727790176526,,,,
2015-11-04,133.0,129.03800963175237,,,,
2015-11-05,127.0,119.97371564548192,,,,
2015-11-06,162.0,154.29993876719197,,,,
2015-11-07,112.0,116.78111065035603,,,,
2015-11-08,121.0,128.5210187840222,,,,
2015-11-09,141.0,142.46127230561513,,,,
2015-11-10,149.0,138.01522676358664,,,,
2015-11-11,125.0,128.5376304879753,,,,
2015-11-12,142.0,119.34114085219551,,,,
2015-11-13,167.0,153.97472201816245,,,,
2015-11-14,117.0,118.90521789617316,,,,
2015-11-15,117.0,131.67008079389902,,,,
2015-11-16,149.0,142.3756309609591,,,,
2015-11-17,147.0,133.45241519556683,,,,
2015-11-18,112.0,130.51885367268605,,,,
2015-11-19,133.0,120.87381294273754,,,,
2015-11-20,158.0,158.67109485717035,,,,
2015-11-21,123.0,119.00142463782596,,,,
2015-11-22,115.0,128.71951960654076,,,,
2015-11-23,152.0,137.81350692343528,,,,
2015-11-24,120.0,139.35210396754874,,,,
2015-11-25,118.0,129.05945472812175,,,,
2015-11-26,113.0,120.46821464229608,,,,
2015-11-27,130.0,150.6375640559887,,,,
2015-11-28,136.0,109.75046009840716,,,,
2015-11-29,123.0,129.01575730027153,,,,
2015-11-30,142.0,141.71939993960234,,,,
2015-12-01,141.0,136.93592795788345,,,,
2015-12-02,124.0,126.31896137125342,,,,
2015-12-03,116.0,124.67522362323288,,,,
2015-12-04,139.0,153.63474103897914,,,,
2015-12-05,118.0,116.02123449772918,,,,
2015-12-06,128.0,124.28653125264671,,,,
2015-12-07,139.0,139.52310185967505,,,,
2015-12-08,114.0,131.06645009076215,,,,
2015-12-09,129.0,125.83396460540875,,,,
2015-12-10,117.0,121.86473951941028,,,,
2015-12-11,151.0,149.93160778949223,,,,
2015-12-12,132.0,112.57944788974429,,,,
2015-12-13,126.0,128.58410227119322,,,,
2015-12-14,149.0,141.03101337652527,,,,
2015-12-15,128.0,136.3984780152726,,,,
2015-12-16,132.0,127.55952514168538,,,,
2015-12-17,105.0,119.68742943102889,,,,
2015-12-18,162.0,150.03492246099952,,,,
2015-12-19,128.0,119.8723518413794,,,,
2015-12-20,143.0,129.24064444651148,,,,
2015-12-21,127.0,144.22827119230246,,,,
2015-12-22,128.0,131.6006617820771,,,,
2015-12-23,98.0,121.41351436164096,,,,
2015-12-24,77.0,116.45180966637892,,,,
2015-12-25,123.0,145.61047971159053,,,,
2015-12-26,107.0,110.36616869350495,,,,
2015-12-27,119.0,121.59203314783966,,,,
2015-12-28,160.0,134.18593145444828,,,,
2015-12-29,131.0,129.49265164959522,,,,
2015-12-30,129.0,124.68498901380906,,,,
2015-12-31,77.0,117.87611139227278,,,,
2016-01-01,140.0,145.21455697566392,,,,
2016-01-02,130.0,114.73828864421237,,,,
2016-01-03,116.0,126.64470544747653,,,,
2016-01-04,116.0,135.55244264113958,,,,
2016-01-05,148.0,122.76271767505855,,,,
2016-01-06,129.0,121.02852170739648,,,,
2016-01-07,106.0,113.6079080916229,,,,
2016-01-08,153.0,150.0675400479154,,,,
2016-01-09,135.0,118.03057778759525,,,,
2016-01-10,138.0,127.12827335085277,,,,
2016-01-11,136.0,136.62760940259787,,,,
2016-01-12,130.0,130.73560837736724,,,,
2016-01-13,112.0,121.10196077549388,,,,
2016-01-14,130.0,115.47369916976277,,,,
2016-01-15,155.0,150.85387731547766,,,,
2016-01-16,112.0,116.55565828384006,,,,
2016-01-17,139.0,124.88087505784598,,,,
2016-01-18,117.0,141.63971414596438,,,,
2016-01-19,89.0,127.33445713861175,,,,
2016-01-20,120.0,116.14873140121651,,,,
2016-01-21,145.0,107.49970443341081,,,,
2016-01-22,151.0,150.4336244881369,,,,
2016-01-23,112.0,116.06317953993498,,,,
2016-01-24,120.0,128.26839306190868,,,,
2016-01-25,143.0,137.90943892598477,,,,
2016-01-26,159.0,131.25779886072831,,,,
2016-01-27,114.0,123.99617644777258,,,,
2016-01-28,127.0,117.80194917023519,,,,
2016-01-29,156.0,155.0946662203239,,,,
2016-01-30,134.0,119.313957757145,,,,
2016-01-31,139.0,125.95682264893316,,,,
2016-02-01,144.0,138.08987595634963,,,,
2016-02-02,119.0,133.30909722677185,,,,
2016-02-03,134.0,121.27851479283552,,,,
2016-02-04,143.0,119.26483981691186,,,,
2016-02-05,168.0,155.13649275826901,,,,
2016-02-06,134.0,123.34663076149255,,,,
2016-02-07,164.0,135.48963129526405,,,,
2016-02-08,140.0,144.5132985325849,,,,
2016-02-09,131.0,130.1599930432374,,,,
2016-02-10,138.0,126.82945586903028,,,,
2016-02-11,142.0,127.42930454171574,,,,
2016-02-12,164.0,166.2785375491934,,,,
2016-02-13,129.0,127.21682682333908,,,,
2016-02-14,162.0,126.07339637902929,,,,
2016-02-15,164.0,141.11834480733805,,,,
2016-02-16,127.0,140.66174871064624,,,,
2016-02-17,95.0,135.91361673369818,,,,
2016-02-18,120.0,126.32890759617871,,,,
2016-02-19,180.0,155.67743656376877,,,,
2016-02-20,117.0,119.02133235876406,,,,
2016-02-21,117.0,131.73042476680882,,,,
2016-02-22,140.0,143.26373732059452,,,,
2016-02-23,142.0,139.19903007764603,,,,
2016-02-24,127.0,127.74118889529947,,,,
2016-02-25,123.0,122.1082259476277,,,,
2016-02-26,163.0,157.20360490721882,,,,
2016-02-27,112.0,127.42511891083966,,,,
2016-02-28,127.0,132.21152553425327,,,,
2016-02-29,131.0,138.4307645448235,,,,
2016-03-01,128.0,130.19472829824375,,,,
2016-03-02,115.0,129.19575311769563,,,,
2016-03-03,129.0,124.0054940156761,,,,
2016-03-04,177.0,158.98078103948876,,,,
2016-03-05,116.0,122.87384097883283,,,,
2016-03-06,139.0,129.02522404808434,,,,
2016-03-07,141.0,145.04698182864118,,,,
2016-03-08,163.0,138.87177002791944,,,,
2016-03-09,122.0,131.0191999371007,,,,
2016-03-10,133.0,120.42011149180647,,,,
2016-03-11,139.0,159.60799096477297,,,,
2016-03-12,131.0,122.50780303425111,,,,
2016-03-13,137.0,139.7775105276454,,,,
2016-03-14,154.0,141.0271128253767,,,,
2016-03-15,126.0,132.89164612663842,,,,
2016-03-16,132.0,121.96177617194141,,,,
2016-03-17,140.0,129.58033816291103,,,,
2016-03-18,181.0,165.67039161099837,,,,
2016-03-19,129.0,128.42859982311754,,,,
2016-03-20,142.0,131.67430431287644,,,,
2016-03-21,155.0,141.48900249608096,,,,
2016-03-22,145.0,141.2286559498607,,,,
2016-03-23,142.0,138.2603779760037,,,,
2016-03-24,121.0,134.1741154545152,,,,
2016-03-25,142.0,159.70419088928736,,,,
2016-03-26,119.0,120.77950136746966,,,,
2016-03-27,89.0,129.85683355640447,,,,
2016-03-28,118.0,137.83704587764652,,,,
2016-03-29,156.0,132.57590220614037,,,,
2016-03-30,154.0,129.39988197257202,,,,
2016-03-31,135.0,127.73621561491179,,,,
2016-04-01,202.0,160.1044935484947,,,,
2016-04-02,140.0,128.98032028636732,,,,
2016-04-03,137.0,140.0076946940539,,,,
2016-04-04,151.0,149.19828242838196,,,,
2016-04-05,163.0,145.37908893887555,,,,
2016-04-06,150.0,139.88641313267317,,,,
2016-04-07,125.0,133.25725545847737,,,,
2016-04-08,165.0,161.7742790849649,,,,
2016-04-09,116.0,124.95195535723529,,,,
2016-04-10,156.0,133.94153523695653,,,,
2016-04-11,138.0,147.49205700892765,,,,
2016-04-12,151.0,142.51138667269973,,,,
2016-04-13,130.0,136.8844012599115,,,,
2016-04-14,126.0,128.06991160422433,,,,
2016-04-15,150.0,161.14318469905788,,,,
2016-04-16,123.0,126.03241030526863,,,,
2016-04-17,107.0,135.02977346871018,,,,
2016-04-18,140.0,144.68863504916067,,,,
2016-04-19,128.0,140.83193987820897,,,,
2016-04-20,129.0,130.01460079165562,,,,
2016-04-21,117.0,128.48165359845018,,,,
2016-04-22,162.0,161.99716729029814,,,,
2016-04-23,125.0,119.54865981072913,,,,
2016-04-24,101.0,129.61355885229625,,,,
2016-04-25,135.0,135.1552269726028,,,,
2016-04-26,180.0,139.98303056678392,,,,
2016-04-27,129.0,141.00942455138556,,,,
2016-04-28,127.0,131.79253975442566,,,,
2016-04-29,162.0,158.4713221537679,,,,
2016-04-30,110.0,122.89711372939655,,,,
2016-05-01,144.0,130.88332390605916,,,,
2016-05-02,104.0,147.07602461771526,,,,
2016-05-03,117.0,138.8244407792896,,,,
2016-05-04,140.0,126.7100498118099,,,,
2016-05-05,148.0,119.05425648769275,,,,
2016-05-06,155.0,157.20524472268784,,,,
2016-05-07,124.0,120.03829416744794,,,,
2016-05-08,131.0,131.89267210879518,,,,
2016-05-09,162.0,143.7388629980406,,,,
2016-05-10,167.0,143.99608835671583,,,,
2016-05-11,126.0,136.74963476200531,,,,
2016-05-12,131.0,130.59989488251034,,,,
2016-05-13,155.0,166.32323052682747,,,,
2016-05-14,116.0,120.67297063771076,,,,
2016-05-15,131.0,129.42011205501285,,,,
2016-05-16,147.0,141.625389491129,,,,
2016-05-17,180.0,144.6177828695656,,,,
2016-05-18,120.0,137.54613305408267,,,,
2016-05-19,141.0,128.2540534831902,,,,
2016-05-20,147.0,157.21302879468462,,,,
2016-05-21,117.0,120.17104560046762,,,,
2016-05-22,137.0,135.68346277700806,,,,
2016-05-23,177.0,144.45235381446383,,,,
2016-05-24,118.0,149.46532788274163,,,,
2016-05-25,135.0,129.72384453096893,,,,
2016-05-26,96.0,128.3772083833482,,,,
2016-05-27,166.0,159.52907757766582,,,,
2016-05-28,100.0,126.7822415881815,,,,
2016-05-29,137.0,122.23458063302671,,,,
2016-05-30,160.0,140.74762027986029,,,,
2016-05-31,130.0,141.65116056847447,,,,
2016-06-01,130.0,133.12850973169586,,,,
2016-06-02,128.0,128.75808732729595,,,,
2016-06-03,161.0,159.6606441342308,,,,
2016-06-04,129.0,116.6011263309475,,,,
2016-06-05,158.0,134.45427891490635,,,,
2016-06-06,155.0,155.2845229483332,,,,
2016-06-07,149.0,151.37943667365448,,,,
2016-06-08,127.0,133.90548259672065,,,,
2016-06-09,157.0,125.83074337309417,,,,
2016-06-10,158.0,159.07827578517015,,,,
2016-06-11,127.0,122.47026379973823,,,,
2016-06-12,153.0,139.65769017237457,,,,
2016-06-13,156.0,149.67606391371964,,,,
2016-06-14,139.0,146.03323383451587,,,,
2016-06-15,141.0,132.1050422100127,,,,
2016-06-16,119.0,127.15862086297128,,,,
2016-06-17,156.0,161.38756382744242,,,,
2016-06-18,124.0,125.90610701642687,,,,
2016-06-19,143.0,138.78723070823037,,,,
2016-06-20,145.0,151.29424048381122,,,,
2016-06-21,161.0,145.0525500800621,,,,
2016-06-22,145.0,133.23874063225634,,,,
2016-06-23,156.0,130.39186787858,,,,
2016-06-24,164.0,165.68433312574206,,,,
2016-06-25,102.0,130.5384394304737,,,,
2016-06-26,138.0,139.19590546291712,,,,
2016-06-27,127.0,152.04380914593236,,,,
2016-06-28,159.0,137.9284746887367,,,,
2016-06-29,139.0,130.9809864264388,,,,
2016-06-30,110.0,130.16719248338794,,,,
2016-07-01,179.0,163.73979192101538,,,,
2016-07-02,135.0,128.95921983535348,,,,
2016-07-03,154.0,142.7885194523472,,,,
2016-07-04,139.0,143.83291657157406,,,,
2016-07-05,135.0,144.17947083619362,,,,
2016-07-06,125.0,136.9848897562063,,,,
2016-07-07,102.0,129.85087340069663,,,,
2016-07-08,133.0,158.65998548035722,,,,
2016-07-09,110.0,118.4842059896859,,,,
2016-07-10,133.0,129.39055403990665,,,,
2016-07-11,123.0,144.40548175222875,,,,
2016-07-12,141.0,139.1120499912855,,,,
2016-07-13,133.0,130.35259687736158,,,,
2016-07-14,127.0,128.64396246459268,,,,
2016-07-15,155.0,160.16029046412356,,,,
2016-07-16,114.0,120.9479530688526,,,,
2016-07-17,104.0,132.083333476956,,,,
2016-07-18,148.0,137.06427560653148,,,,
2016-07-19,123.0,143.63638024298217,,,,
2016-07-20,109.0,130.38589775436515,,,,
2016-07-21,117.0,122.7824068776236,,,,
2016-07-22,135.0,150.95534354402758,,,,
2016-07-23,108.0,109.20463379451182,,,,
2016-07-24,137.0,128.16458479049027,,,,
2016-07-25,158.0,140.89645074617445,,,,
2016-07-26,120.0,142.35105923194573,,,,
2016-07-27,109.0,124.9933600465743,,,,
2016-07-28,141.0,115.06865206203358,,,,
2016-07-29,155.0,155.02266154930257,,,,
2016-07-30,128.0,122.47650904091685,,,,
2016-07-31,134.0,135.9387217391517,,,,
2016-08-01,160.0,143.78174304571712,,,,
2016-08-02,135.0,141.41446759930034,,,,
2016-08-03,122.0,121.6134094996139,,,,
2016-08-04,124.0,123.60976181506248,,,,
2016-08-05,149.0,157.1248349566743,,,,
2016-08-06,115.0,118.86258715628811,,,,
2016-08-07,117.0,127.66987476293868,,,,
2016-08-08,144.0,136.70927969874143,,,,
2016-08-09,137.0,135.19564662442355,,,,
2016-08-10,123.0,128.2594104032908,,,,
2016-08-11,104.0,124.45680650973107,,,,
2016-08-12,161.0,150.71564088165456,,,,
2016-08-13,100.0,115.47730554822076,,,,
2016-08-14,125.0,130.6916041532041,,,,
2016-08-15,116.0,139.06955398427903,,,,
2016-08-16,147.0,131.8224813691796,,,,
2016-08-17,135.0,123.01467459545268,,,,
2016-08-18,135.0,118.02798184714112,,,,
2016-08-19,156.0,156.65090305199269,,,,
2016-08-20,112.0,123.82353507666402,,,,
2016-08-21,128.0,129.83617061964605,,,,
2016-08-22,147.0,136.83952767364448,,,,
2016-08-23,147.0,135.75502950017614,,,,
2016-08-24,132.0,127.82023797483153,,,,
2016-08-25,145.0,127.77972726937115,,,,
2016-08-26,160.0,160.50905732025223,,,,
2016-08-27,113.0,115.81981688946595,,,,
2016-08-28,119.0,128.8942566714794,,,,
2016-08-29,151.0,138.88782706976167,,,,
2016-08-30,135.0,141.57808870255172,,,,
2016-08-31,129.0,125.49048797518871,,,,
2016-09-01,116.0,122.74934713512894,,,,
2016-09-02,161.0,150.55354471334851,,,,
2016-09-03,111.0,117.4889450190075,,,,
2016-09-04,130.0,131.12778796830582,,,,
2016-09-05,126.0,141.18269284737886,,,,
2016-09-06,140.0,134.72750952572662,,,,
2016-09-07,145.0,128.3977714195764,,,,
2016-09-08,137.0,127.29697067881244,,,,
2016-09-09,164.0,160.14987124432838,,,,
2016-09-10,116.0,120.9597779625524,,,,
2016-09-11,160.0,127.3655782736543,,,,
2016-09-12,138.0,142.82811241798615,,,,
2016-09-13,146.0,142.09393594674398,,,,
2016-09-14,146.0,135.055110542681,,,,
2016-09-15,122.0,130.90676824608332,,,,
2016-09-16,155.0,155.9634432123889,,,,
2016-09-17,86.0,112.93414611319727,,,,
2016-09-18,129.0,127.5665074977788,,,,
2016-09-19,125.0,142.9045676861877,,,,
2016-09-20,151.0,137.34810367161336,,,,
2016-09-21,125.0,127.76661563342536,,,,
2016-09-22,110.0,120.890144624043,,,,
2016-09-23,156.0,153.27110356782822,,,,
2016-09-24,113.0,116.8715785995736,,,,
2016-09-25,122.0,133.50954606338294,,,,
2016-09-26,126.0,136.8037858466603,,,,
2016-09-27,145.0,135.68121387946584,,,,
2016-09-28,128.0,129.9002789399816,,,,
2016-09-29,129.0,125.55242829032946,,,,
2016-09-30,156.0,156.0492721640753,,,,
2016-10-01,106.0,117.59551611424254,,,,
2016-10-02,111.0,126.53360205300545,,,,
2016-10-03,122.0,135.19454660495293,,,,
2016-10-04,134.0,136.93310480696613,,,,
2016-10-05,123.0,126.45336163212127,,,,
2016-10-06,102.0,119.19286454228845,,,,
2016-10-07,151.0,148.82258796806673,,,,
2016-10-08,120.0,108.81316484106168,,,,
2016-10-09,120.0,128.40996781618745,,,,
2016-10-10,133.0,135.6163562991791,,,,
2016-10-11,101.0,136.97578965136,,,,
2016-10-12,119.0,119.37521941017721,,,,
2016-10-13,99.0,118.4570883995996,,,,
2016-10-14,149.0,146.66566061744703,,,,
2016-10-15,119.0,110.57278001140934,,,,
2016-10-16,114.0,124.35681079483265,,,,
2016-10-17,116.0,131.8570070324878,,,,
2016-10-18,141.0,128.80045143374096,,,,
2016-10-19,131.0,125.49843982559507,,,,
2016-10-20,127.0,120.47357322511402,,,,
2016-10-21,156.0,152.28627930479684,,,,
2016-10-22,116.0,113.22626270896518,,,,
2016-10-23,142.0,124.95435354282448,,,,
2016-10-24,121.0,134.9421051120236,,,,
2016-10-25,100.0,135.24977030442676,,,,
2016-10-26,115.0,119.30163072053062,,,,
2016-10-27,110.0,114.38366589547843,,,,
2016-10-28,176.0,146.58866939786088,,,,
2016-10-29,112.0,110.65396444562909,,,,
2016-10-30,106.0,124.97037587828366,,,,
2016-10-31,117.0,130.80300408113624,,,,
2016-11-01,91.0,126.48785455650025,,,,
2016-11-02,121.0,112.72401065102119,,,,
2016-11-03,110.0,113.28437787387432,,,,
2016-11-04,179.0,150.83656530716948,,,,
2016-11-05,98.0,117.68516631368732,,,,
2016-11-06,122.0,121.31459398724797,,,,
2016-11-07,121.0,127.91839351506309,,,,
2016-11-08,151.0,125.43831070708676,,,,
2016-11-09,107.0,125.45026717450978,,,,
2016-11-10,124.0,118.67932794256613,,,,
2016-11-11,150.0,151.84018722576542,,,,
2016-11-12,110.0,108.67128285693818,,,,
2016-11-13,119.0,120.00113683028133,,,,
2016-11-14,140.0,127.22715557457798,,,,
2016-11-15,128.0,131.57139700990206,,,,
2016-11-16,125.0,119.57328864001319,,,,
2016-11-17,108.0,113.56908510053104,,,,
2016-11-18,173.0,153.57242866813033,,,,
2016-11-19,130.0,115.2708221911913,,,,
2016-11-20,151.0,128.8656502896225,,,,
2016-11-21,135.0,131.3838490929199,,,,
2016-11-22,122.0,127.00902549167918,,,,
2016-11-23,119.0,120.25577003777391,,,,
2016-11-24,147.0,124.39088325516828,,,,
2016-11-25,159.0,163.58954943938573,,,,
2016-11-26,129.0,116.33437761324244,,,,
2016-11-27,109.0,122.46868285802496,,,,
2016-11-28,136.0,126.71813118044754,,,,
2016-11-29,144.0,133.16719234378502,,,,
2016-11-30,142.0,129.92947599302394,,,,
2016-12-01,122.0,128.42614277516267,,,,
2016-12-02,140.0,153.24985896538163,,,,
2016-12-03,119.0,109.29084852112865,,,,
2016-12-04,107.0,125.60172258970607,,,,
2016-12-05,116.0,133.05168943270917,,,,
2016-12-06,145.0,133.6038634565685,,,,
2016-12-07,109.0,124.33696000949915,,,,
2016-12-08,119.0,111.13841639294759,,,,
2016-12-09,158.0,151.8956364081324,,,,
2016-12-10,124.0,113.45179216847247,,,,
2016-12-11,155.0,131.96304996084945,,,,
2016-12-12,125.0,137.42933605036885,,,,
2016-12-13,102.0,132.11438455692712,,,,
2016-12-14,122.0,117.37342360820833,,,,
2016-12-15,103.0,121.54052334066158,,,,
2016-12-16,151.0,153.25265408816165,,,,
2016-12-17,121.0,116.412214260716,,,,
2016-12-18,143.0,122.985809095151,,,,
2016-12-19,121.0,132.24848347099342,,,,
2016-12-20,111.0,128.3693296300891,,,,
2016-12-21,128.0,121.7670863839271,,,,
2016-12-22,101.0,119.86348357189662,,,,
2016-12-23,127.0,150.37656480303102,,,,
2016-12-24,80.0,106.21457209627333,,,,
2016-12-25,109.0,117.50554192144136,,,,
2016-12-26,111.0,125.52304535320633,,,,
2016-12-27,127.0,124.83582953827444,,,,
2016-12-28,146.0,116.87421596518178,,,,
2016-12-29,119.0,116.31375602979101,,,,
2016-12-30,158.0,150.82972215454595,,,,
2016-12-31,115.0,112.8131939908829,,,,
2017-01-01,151.0,127.43423629496819,,,,
2017-01-02,153.0,133.72957096398642,,,,
2017-01-03,131.0,132.9160175010445,,,,
2017-01-04,127.0,124.12712410008012,,,,
2017-01-05,100.0,117.83945716421385,,,,
2017-01-06,141.0,150.75411665177018,,,,
2017-01-07,114.0,112.55516005775834,,,,
2017-01-08,119.0,124.89394937098218,,,,
2017-01-09,135.0,127.88360721727288,,,,
2017-01-10,112.0,127.91643213622163,,,,
2017-01-11,108.0,115.13888840548347,,,,
2017-01-12,118.0,112.0012615968117,,,,
2017-01-13,172.0,148.55737923807118,,,,
2017-01-14,120.0,115.92099194842777,,,,
2017-01-15,119.0,125.60961519649729,,,,
2017-01-16,169.0,130.49653767549842,,,,
2017-01-17,133.0,136.3059633645566,,,,
2017-01-18,108.0,127.84595248367805,,,,
2017-01-19,121.0,117.11582533320606,,,,
2017-01-20,161.0,154.07268379756613,,,,
2017-01-21,131.0,110.73788487163895,,,,
2017-01-22,101.0,127.28467035204032,,,,
2017-01-23,137.0,129.10624731463943,,,,
2017-01-24,137.0,135.0206473215131,,,,
2017-01-25,126.0,123.21439747764205,,,,
2017-01-26,133.0,115.51707036497653,,,,
2017-01-27,152.0,150.12183788240202,,,,
2017-01-28,141.0,117.16972074746167,,,,
2017-01-29,161.0,133.14592953130972,,,,
2017-01-30,145.0,144.10518090032255,,,,
2017-01-31,156.0,136.6987449038234,,,,
2017-02-01,151.0,126.35431960577942,,,,
2017-02-02,124.0,123.633011899564,,,,
2017-02-03,161.0,159.36614460875737,,,,
2017-02-04,136.0,121.74708125448183,,,,
2017-02-05,129.0,136.1422092866269,,,,
2017-02-06,141.0,137.1689143219439,,,,
2017-02-07,128.0,134.6895509857432,,,,
2017-02-08,108.0,125.70223479797204,,,,
2017-02-09,116.0,119.40639106463198,,,,
2017-02-10,172.0,156.33519899934456,,,,
2017-02-11,109.0,122.66118723994438,,,,
2017-02-12,144.0,131.83316202083367,,,,
2017-02-13,122.0,140.76620744994028,,,,
2017-02-14,112.0,132.95868502383115,,,,
2017-02-15,112.0,123.61674368920036,,,,
2017-02-16,116.0,118.35690597622857,,,,
2017-02-17,190.0,156.1144823952705,,,,
2017-02-18,127.0,123.21066626812124,,,,
2017-02-19,126.0,130.06384398494404,,,,
2017-02-20,118.0,133.08724930064366,,,,
2017-02-21,135.0,134.12578754719576,,,,
2017-02-22,123.0,126.79812495942234,,,,
2017-02-23,134.0,122.17612450251912,,,,
2017-02-24,160.0,160.2378550209962,,,,
2017-02-25,101.0,117.80060050254463,,,,
2017-02-26,148.0,126.47100934319508,,,,
2017-02-27,143.0,140.33716953270908,,,,
2017-02-28,148.0,136.12349113424588,,,,
2017-03-01,136.0,130.52243859271533,,,,
2017-03-02,102.0,122.76069488105489,,,,
2017-03-03,153.0,155.24419592117744,,,,
2017-03-04,127.0,116.22383654775079,,,,
2017-03-05,109.0,135.6417933328155,,,,
2017-03-06,130.0,132.77666825763103,,,,
2017-03-07,132.0,132.80987707182672,,,,
2017-03-08,139.0,120.68101313476019,,,,
2017-03-09,108.0,121.20384505090107,,,,
2017-03-10,144.0,157.59319065368567,,,,
2017-03-11,124.0,122.8958258527657,,,,
2017-03-12,148.0,129.23296990330468,,,,
2017-03-13,143.0,134.53280836953056,,,,
2017-03-14,133.0,132.03200176287768,,,,
2017-03-15,135.0,128.499659202656,,,,
2017-03-16,123.0,127.48240491570243,,,,
2017-03-17,165.0,161.07382340636863,,,,
2017-03-18,119.0,117.37445584500915,,,,
2017-03-19,108.0,128.3556866242493,,,,
2017-03-20,138.0,132.60001936190963,,,,
2017-03-21,147.0,138.00712757724406,,,,
2017-03-22,120.0,130.6621935047587,,,,
2017-03-23,143.0,118.38573554611804,,,,
2017-03-24,154.0,157.90733941987295,,,,
2017-03-25,122.0,116.59710040406915,,,,
2017-03-26,163.0,132.02616188604603,,,,
2017-03-27,128.0,143.95818253665993,,,,
2017-03-28,138.0,138.89220253542226,,,,
2017-03-29,130.0,130.22536910121474,,,,
2017-03-30,115.0,123.23211772710998,,,,
2017-03-31,167.0,156.1343146016188,,,,
2017-04-01,122.0,118.88193058521867,,,,
2017-04-02,159.0,132.4873875116748,,,,
2017-04-03,135.0,141.36587892862295,,,,
2017-04-04,140.0,142.53767421417743,,,,
2017-04-05,139.0,130.09576033071457,,,,
2017-04-06,100.0,123.05775101858931,,,,
2017-04-07,179.0,155.23646325692926,,,,
2017-04-08,119.0,123.30984578887211,,,,
2017-04-09,115.0,135.17187474047327,,,,
2017-04-10,148.0,140.87955185088197,,,,
2017-04-11,125.0,135.74861807702104,,,,
2017-04-12,125.0,127.43795490594084,,,,
2017-04-13,112.0,120.0703654967742,,,,
2017-04-14,141.0,157.6491352387078,,,,
2017-04-15,104.0,117.26816808406619,,,,
2017-04-16,107.0,129.83616729575047,,,,
2017-04-17,83.0,128.89799385502164,,,,
2017-04-18,128.0,128.01905207320513,,,,
2017-04-19,133.0,121.59976060116587,,,,
2017-04-20,105.0,116.6811454237037,,,,
2017-04-21,154.0,152.04740613564817,,,,
2017-04-22,117.0,117.16866217282357,,,,
2017-04-23,142.0,129.49059494948304,,,,
2017-04-24,150.0,135.80625344134327,,,,
2017-04-25,162.0,137.44916564588962,,,,
2017-04-26,104.0,130.21078575612336,,,,
2017-04-27,115.0,116.3346486747587,,,,
2017-04-28,169.0,157.65951541681153,,,,
2017-04-29,120.0,116.68447137315948,,,,
2017-04-30,95.0,130.37057415400452,,,,
2017-05-01,93.0,128.57412176422108,,,,
2017-05-02,153.0,124.47098092184054,,,,
2017-05-03,136.0,124.38867663293644,,,,
2017-05-04,141.0,117.52664994049718,,,,
2017-05-05,164.0,157.88705726241733,,,,
2017-05-06,137.0,119.15777606645665,,,,
2017-05-07,115.0,130.32646857177627,,,,
2017-05-08,133.0,128.5209055257408,,,,
2017-05-09,133.0,141.33743219668872,,,,
2017-05-10,129.0,130.38287189520227,,,,
2017-05-11,115.0,122.60345463085832,,,,
2017-05-12,178.0,154.31304818738874,,,,
2017-05-13,116.0,114.82866911494897,,,,
2017-05-14,136.0,125.83729483817577,,,,
2017-05-15,148.0,136.51020839257305,,,,
2017-05-16,138.0,143.32952459284243,,,,
2017-05-17,118.0,127.92736310406282,,,,
2017-05-18,115.0,116.41801842774018,,,,
2017-05-19,169.0,155.49483247377898,,,,
2017-05-20,130.0,120.87541614943294,,,,
2017-05-21,162.0,132.1601139925765,,,,
2017-05-22,145.0,143.04391128624903,,,,
2017-05-23,114.0,137.47687948952156,,,,
2017-05-24,117.0,126.50010080975258,,,,
2017-05-25,127.0,121.30435578853269,,,,
2017-05-26,147.0,162.6306037513762,,,,
2017-05-27,118.0,114.66717307670044,,,,
2017-05-28,130.0,125.40758259860422,,,,
2017-05-29,148.0,128.24545124415238,,,,
2017-05-30,145.0,142.53698369225393,,,,
2017-05-31,138.0,132.15430645844498,,,,
2017-06-01,136.0,126.19725982175811,,,,
2017-06-02,150.0,162.01262062078646,,,,
2017-06-03,112.0,118.78492191671866,,,,
2017-06-04,116.0,132.72610420430055,,,,
2017-06-05,151.0,137.51030396974554,,,,
2017-06-06,120.0,141.11809930901117,,,,
2017-06-07,134.0,121.18899861652505,,,,
2017-06-08,131.0,119.47220399342042,,,,
2017-06-09,153.0,157.59553029186642,,,,
2017-06-10,109.0,120.39041369883633,,,,
2017-06-11,194.0,129.58453070071968,,,,
2017-06-12,141.0,147.32559154090308,,,,
2017-06-13,129.0,137.37180723799173,,,,
2017-06-14,99.0,130.0121925501771,,,,
2017-06-15,110.0,118.35019290429122,,,,
2017-06-16,197.0,160.00107987017498,,,,
2017-06-17,107.0,125.60921086239817,,,,
2017-06-18,169.0,133.7925845639408,,,,
2017-06-19,148.0,140.48173537022848,,,,
2017-06-20,121.0,141.31753274162347,,,,
2017-06-21,123.0,127.53362705796084,,,,
2017-06-22,132.0,121.50579662819476,,,,
2017-06-23,157.0,164.34483906618118,,,,
2017-06-24,125.0,117.02886881695412,,,,
2017-06-25,117.0,135.80805654721524,,,,
2017-06-26,132.0,135.82762724955978,,,,
2017-06-27,176.0,138.293960577317,,,,
2017-06-28,117.0,134.71209004354273,,,,
2017-06-29,103.0,125.46685188403931,,,,
2017-06-30,140.0,156.52056213632991,,,,
2017-07-01,120.0,117.24859261046198,,,,
2017-07-02,138.0,131.57329601787447,,,,
2017-07-03,131.0,137.6881179263355,,,,
2017-07-04,119.0,139.03273255620041,,,,
2017-07-05,122.0,121.95263750034017,,,,
2017-07-06,87.0,114.87483953567012,,,,
2017-07-07,146.0,149.9565401522052,,,,
2017-07-08,105.0,118.65854093432982,,,,
2017-07-09,146.0,138.68051127350103,,,,
2017-07-10,131.0,137.79474647633052,,,,
2017-07-11,133.0,128.32171920533318,,,,
2017-07-12,88.0,121.25607891391972,,,,
2017-07-13,93.0,110.74855889741124,,,,
2017-07-14,170.0,158.49749713617842,,,,
2017-07-15,103.0,118.60656920267891,,,,
2017-07-16,116.0,124.93719908940592,,,,
2017-07-17,119.0,125.72794392237108,,,,
2017-07-18,168.0,131.07628682392757,,,,
2017-07-19,115.0,126.2060077151151,,,,
2017-07-20,101.0,117.79814219766797,,,,
2017-07-21,154.0,150.22006526162528,,,,
2017-07-22,100.0,110.86385202404401,,,,
2017-07-23,108.0,128.17934948714202,,,,
2017-07-24,124.0,129.93106331927498,,,,
2017-07-25,141.0,133.89171184577907,,,,
2017-07-26,107.0,120.5524056986768,,,,
2017-07-27,113.0,106.01606102820091,,,,
2017-07-28,145.0,149.60818040872584,,,,
2017-07-29,126.0,111.46704733074492,,,,
2017-07-30,140.0,132.8002549973417,,,,
2017-07-31,122.0,132.5309107077004,,,,
2017-08-01,139.0,131.57864634100903,,,,
2017-08-02,106.0,118.16630993945226,,,,
2017-08-03,110.0,110.99401651970827,,,,
2017-08-04,155.0,154.62954414457408,,,,
2017-08-05,95.0,113.17527199393223,,,,
2017-08-06,113.0,124.2636786688835,,,,
2017-08-07,126.0,126.70453883368567,,,,
2017-08-08,157.0,130.95662179437562,,,,
2017-08-09,106.0,119.80825213605257,,,,
2017-08-10,118.0,110.30949378128574,,,,
2017-08-11,167.0,150.6350436998489,,,,
2017-08-12,91.0,110.59417356541883,,,,
2017-08-13,159.0,126.13601761956014,,,,
2017-08-14,144.0,134.9992343885369,,,,
2017-08-15,105.0,139.3228229965437,,,,
2017-08-16,115.0,117.09447011815905,,,,
2017-08-17,109.0,111.13854026306096,,,,
2017-08-18,173.0,151.34618883402788,,,,
2017-08-19,105.0,113.3057292287322,,,,
2017-08-20,141.0,126.95598871987221,,,,
2017-08-21,126.0,132.0050304544839,,,,
2017-08-22,121.0,130.8292280525734,,,,
2017-08-23,126.0,116.9690710593027,,,,
2017-08-24,98.0,113.20270292372938,,,,
2017-08-25,143.0,154.7876774404082,,,,
2017-08-26,125.0,108.07550460437005,,,,
2017-08-27,114.0,126.29427132031716,,,,
2017-08-28,127.0,127.33353435227228,,,,
2017-08-29,164.0,134.15645613397908,,,,
2017-08-30,108.0,123.67809126059774,,,,
2017-08-31,106.0,115.592800937704,,,,
2017-09-01,143.0,148.3500792741886,,,,
2017-09-02,87.0,104.70019407935136,,,,
2017-09-03,111.0,126.5239556348894,,,,
2017-09-04,113.0,126.77266088285519,,,,
2017-09-05,152.0,129.13274803410246,,,,
2017-09-06,132.0,117.62315181795918,,,,
2017-09-07,120.0,107.95708189219857,,,,
2017-09-08,166.0,153.98804519841033,,,,
2017-09-09,116.0,116.7228273259045,,,,
2017-09-10,156.0,132.41614715620233,,,,
2017-09-11,125.0,132.2944128570233,,,,
2017-09-12,131.0,133.8653061514997,,,,
2017-09-13,115.0,119.5063250790067,,,,
2017-09-14,91.0,113.62834310020651,,,,
2017-09-15,121.0,152.71760190401588,,,,
2017-09-16,123.0,102.21272505648875,,,,
2017-09-17,87.0,121.57685015622086,,,,
2017-09-18,124.0,121.4167299914919,,,,
2017-09-19,121.0,131.15480450950992,,,,
2017-09-20,104.0,113.20085174496607,,,,
2017-09-21,99.0,109.81514103432667,,,,
2017-09-22,135.0,144.8761035123772,,,,
2017-09-23,125.0,102.59917445687992,,,,
2017-09-24,144.0,128.5141682450499,,,,
2017-09-25,139.0,128.68281157673957,,,,
2017-09-26,123.0,136.6438367518906,,,,
2017-09-27,116.0,118.97469959366835,,,,
2017-09-28,110.0,112.16218054778716,,,,
2017-09-29,149.0,147.93742528696254,,,,
2017-09-30,113.0,107.07595476710036,,,,
2017-10-01,97.0,121.54474366746716,,,,
2017-10-02,127.0,120.70047576706892,,,,
2017-10-03,139.0,131.3561308641912,,,,
2017-10-04,102.0,117.61051936999576,,,,
2017-10-05,97.0,103.92714274894264,,,,
2017-10-06,141.0,146.3363362245686,,,,
2017-10-07,114.0,105.1588649013339,,,,
2017-10-08,136.0,122.34348271246881,,,,
2017-10-09,140.0,131.5192980053677,,,,
2017-10-10,110.0,135.40188580611513,,,,
2017-10-11,129.0,109.080081549391,,,,
2017-10-12,107.0,109.8605227604789,,,,
2017-10-13,150.0,146.05480410587495,,,,
2017-10-14,98.0,108.60133009693826,,,,
2017-10-15,162.0,127.57025856310977,,,,
2017-10-16,134.0,131.12747592479565,,,,
2017-10-17,114.0,130.39894536003362,,,,
2017-10-18,115.0,113.13921968415059,,,,
2017-10-19,98.0,108.36008098713415,,,,
2017-10-20,177.0,150.5214388719933,,,,
2017-10-21,120.0,115.92574482858777,,,,
2017-10-22,93.0,125.75448608305138,,,,
2017-10-23,111.0,122.22384705162077,,,,
2017-10-24,123.0,125.44549535978683,,,,
2017-10-25,116.0,113.93635215548466,,,,
2017-10-26,134.0,107.5672289410165,,,,
2017-10-27,153.0,152.99086887047326,,,,
2017-10-28,102.0,107.4689175387409,,,,
2017-10-29,111.0,121.37361503077626,,,,
2017-10-30,115.0,124.53459063585547,,,,
2017-10-31,127.0,130.2560907645084,,,,
2017-11-01,94.0,114.41863967976543,,,,
2017-11-02,105.0,107.29415633724474,,,,
2017-11-03,153.0,147.18415484309696,,,,
2017-11-04,100.0,106.57902661000166,,,,
2017-11-05,119.0,124.18883456138224,,,,
2017-11-06,117.0,121.16152683993703,,,,
2017-11-07,128.0,127.74442150085513,,,,
2017-11-08,119.0,111.86333884843022,,,,
2017-11-09,108.0,107.12598009820726,,,,
2017-11-10,151.0,149.39727751564098,,,,
2017-11-11,89.0,109.78946621872691,,,,
2017-11-12,176.0,117.3946128777087,,,,
2017-11-13,130.0,130.1053053149175,,,,
2017-11-14,118.0,126.07431050627088,,,,
2017-11-15,128.0,116.73150215623703,,,,
2017-11-16,131.0,114.88909630818685,,,,
2017-11-17,169.0,158.64984248648105,,,,
2017-11-18,128.0,108.8047227006272,,,,
2017-11-19,128.0,123.62342588380608,,,,
2017-11-20,151.0,124.41506829880328,,,,
2017-11-21,145.0,138.30798968635645,,,,
2017-11-22,133.0,123.14835367034506,,,,
2017-11-23,131.0,120.43518995710875,,,,
2017-11-24,151.0,156.75902318410573,,,,
2017-11-25,118.0,109.38521427558578,,,,
2017-11-26,145.0,130.86562533350968,,,,
2017-11-27,143.0,131.33265993471878,,,,
2017-11-28,126.0,137.99137183117242,,,,
2017-11-29,109.0,122.75353562453614,,,,
2017-11-30,124.0,115.51035698372115,,,,
2017-12-01,160.0,153.24891537224255,,,,
2017-12-02,105.0,112.26000985685317,,,,
2017-12-03,126.0,126.56492929170291,,,,
2017-12-04,140.0,131.68279289811056,,,,
2017-12-05,140.0,138.51802965167056,,,,
2017-12-06,126.0,122.15821401319869,,,,
2017-12-07,110.0,114.23811152521841,,,,
2017-12-08,157.0,155.5315858673849,,,,
2017-12-09,115.0,115.6282312780684,,,,
2017-12-10,103.0,131.5373334484913,,,,
2017-12-11,118.0,129.20645127857756,,,,
2017-12-12,164.0,130.52202108814427,,,,
2017-12-13,120.0,123.63894295792784,,,,
2017-12-14,121.0,116.84180564882787,,,,
2017-12-15,179.0,156.37656042024554,,,,
2017-12-16,121.0,113.72617530992818,,,,
2017-12-17,132.0,135.01888065740206,,,,
2017-12-18,126.0,131.2463331293253,,,,
2017-12-19,96.0,139.4076674461091,,,,
2017-12-20,100.0,115.67271234526552,,,,
2017-12-21,100.0,111.56521058130632,,,,
2017-12-22,133.0,149.05307431954128,,,,
2017-12-23,106.0,110.02362820187916,,,,
2017-12-24,86.0,122.88593344713797,,,,
2017-12-25,83.0,119.75546320657556,,,,
2017-12-26,92.0,120.16419286479618,,,,
2017-12-27,136.0,109.32767827534516,,,,
2017-12-28,139.0,111.76616111071738,,,,
2017-12-29,186.0,155.85583051629462,,,,
2017-12-30,135.0,113.65817976715365,,,,
2017-12-31,143.0,126.80778869577625,,,,
2018-01-01,,,115.0,135.9053337993394,,
2018-01-02,,,148.0,125.9740494080143,,
2018-01-03,,,136.0,122.94106690187934,,
2018-01-04,,,113.0,153.4301629357808,,
2018-01-05,,,173.0,106.50954497913338,,
2018-01-06,,,114.0,126.29421214928011,,
2018-01-07,,,119.0,124.80536136162694,,
2018-01-08,,,113.0,129.9068226747615,,
2018-01-09,,,124.0,118.71631949984904,,
2018-01-10,,,120.0,110.54424637593905,,
2018-01-11,,,107.0,152.1882403891148,,
2018-01-12,,,161.0,116.9354571298734,,
2018-01-13,,,130.0,130.09201630397882,,
2018-01-14,,,157.0,128.8107292127433,,
2018-01-15,,,122.0,131.65683588860506,,
2018-01-16,,,126.0,122.78102749212592,,
2018-01-17,,,111.0,121.27068284957278,,
2018-01-18,,,99.0,159.20958740380848,,
2018-01-19,,,148.0,109.59364632622203,,
2018-01-20,,,120.0,118.36561794713442,,
2018-01-21,,,126.0,121.29624885526422,,
2018-01-22,,,134.0,133.725287352552,,
2018-01-23,,,153.0,126.68628942089337,,
2018-01-24,,,117.0,120.31067538225825,,
2018-01-25,,,114.0,158.67842448825843,,
2018-01-26,,,171.0,111.90402905425486,,
2018-01-27,,,120.0,130.9452128242568,,
2018-01-28,,,148.0,129.88415551523406,,
2018-01-29,,,131.0,136.54018215326215,,
2018-01-30,,,138.0,124.89202593083891,,
2018-01-31,,,114.0,114.90956229996745,,
2018-02-01,,,164.0,161.0856156017785,,
2018-02-02,,,163.0,117.08177207884005,,
2018-02-03,,,116.0,130.22673765865696,,
2018-02-04,,,126.0,128.39565909679453,,
2018-02-05,,,124.0,138.16220981651483,,
2018-02-06,,,114.0,120.12875067246326,,
2018-02-07,,,100.0,114.86674849208762,,
2018-02-08,,,114.0,157.296397672772,,
2018-02-09,,,148.0,112.71004196929293,,
2018-02-10,,,121.0,128.59670685966924,,
2018-02-11,,,169.0,137.81425250565857,,
2018-02-12,,,129.0,140.0410784038711,,
2018-02-13,,,125.0,118.67491082952827,,
2018-02-14,,,104.0,113.14210335987339,,
2018-02-15,,,136.0,158.4074788147019,,
2018-02-16,,,162.0,114.19687641657575,,
2018-02-17,,,120.0,138.2250505433349,,
2018-02-18,,,131.0,129.566607828393,,
2018-02-19,,,134.0,131.22474276731123,,
2018-02-20,,,171.0,124.81426427865257,,
2018-02-21,,,136.0,124.90813428370348,,
2018-02-22,,,120.0,164.38684272823266,,
2018-02-23,,,158.0,122.67599427685043,,
2018-02-24,,,120.0,131.29055060364897,,
2018-02-25,,,149.0,127.44865057767672,,
2018-02-26,,,131.0,138.84207279297465,,
2018-02-27,,,115.0,123.78609548489891,,
2018-02-28,,,121.0,120.86031441176411,,
2018-03-01,,,108.0,156.44948173339367,,
2018-03-02,,,156.0,114.5252437211672,,
2018-03-03,,,115.0,132.52824109330138,,
2018-03-04,,,161.0,137.06155448251675,,
2018-03-05,,,125.0,137.8015118480856,,
2018-03-06,,,141.0,120.52269756630125,,
2018-03-07,,,145.0,122.6778201589052,,
2018-03-08,,,141.0,167.7266967537075,,
2018-03-09,,,154.0,121.66592075749361,,
2018-03-10,,,129.0,139.2446331302256,,
2018-03-11,,,126.0,128.54123696554623,,
2018-03-12,,,159.0,139.22288259438005,,
2018-03-13,,,115.0,126.46306564844784,,
2018-03-14,,,115.0,125.01549809638468,,
2018-03-15,,,126.0,156.40067856284463,,
2018-03-16,,,157.0,111.12463888240575,,
2018-03-17,,,117.0,131.38715789090253,,
2018-03-18,,,132.0,134.5324557513711,,
2018-03-19,,,112.0,144.26848735875384,,
2018-03-20,,,110.0,121.04333660030092,,
2018-03-21,,,119.0,113.0219041873159,,
2018-03-22,,,103.0,149.62246110545803,,
2018-03-23,,,150.0,118.71144011531686,,
2018-03-24,,,121.0,136.72159994248355,,
2018-03-25,,,103.0,126.72410378392658,,
2018-03-26,,,136.0,131.51136735146528,,
2018-03-27,,,151.0,119.59854280178953,,
2018-03-28,,,118.0,119.68493984746,,
2018-03-29,,,102.0,159.13876232540014,,
2018-03-30,,,137.0,111.15761906016273,,
2018-03-31,,,88.0,123.56056045469556,,
2018-04-01,,,92.0,120.36717658753153,,
2018-04-02,,,100.0,126.95787870007112,,
2018-04-03,,,105.0,116.48948839660885,,
2018-04-04,,,119.0,110.47506702890178,,
2018-04-05,,,128.0,145.1552276374457,,
2018-04-06,,,170.0,112.2400747368772,,
2018-04-07,,,126.0,134.10847826337127,,
2018-04-08,,,150.0,130.37059897286284,,
2018-04-09,,,142.0,138.163632028596,,
2018-04-10,,,112.0,114.24728926706217,,
2018-04-11,,,129.0,116.4937066555642,,
2018-04-12,,,133.0,160.73709696865666,,
2018-04-13,,,149.0,117.54954410949716,,
2018-04-14,,,103.0,122.04404986428902,,
2018-04-15,,,119.0,120.88606855726141,,
2018-04-16,,,156.0,132.65272691798927,,
2018-04-17,,,152.0,127.2755169196734,,
2018-04-18,,,126.0,124.67752527920914,,
2018-04-19,,,122.0,154.9414866861872,,
2018-04-20,,,147.0,103.96501273914566,,
2018-04-21,,,130.0,128.309572586001,,
2018-04-22,,,129.0,133.85706704654035,,
2018-04-23,,,139.0,143.7196688713178,,
2018-04-24,,,139.0,126.43806135304467,,
2018-04-25,,,117.0,115.70804889105979,,
2018-04-26,,,101.0,146.63804107630867,,
2018-04-27,,,166.0,116.99198318214982,,
2018-04-28,,,105.0,132.34588765192066,,
2018-04-29,,,174.0,132.19929422896746,,
2018-04-30,,,136.0,134.0844704451544,,
2018-05-01,,,107.0,119.65431015276157,,
2018-05-02,,,130.0,121.67461636269141,,
2018-05-03,,,98.0,157.3651560680485,,
2018-05-04,,,139.0,112.34884389925497,,
2018-05-05,,,124.0,125.85348561248054,,
2018-05-06,,,150.0,132.708575046137,,
2018-05-07,,,127.0,138.46322336005912,,
2018-05-08,,,173.0,133.16022085470797,,
2018-05-09,,,127.0,119.34655205255832,,
2018-05-10,,,120.0,151.2270558028135,,
2018-05-11,,,139.0,107.2370747961547,,
2018-05-12,,,138.0,139.38113061806115,,
2018-05-13,,,188.0,147.6053189623714,,
2018-05-14,,,132.0,142.08304742297722,,
2018-05-15,,,121.0,120.16985629637715,,
2018-05-16,,,119.0,115.37569921802944,,
2018-05-17,,,107.0,152.75227110292474,,
2018-05-18,,,137.0,118.52343994030664,,
2018-05-19,,,112.0,142.23492348782094,,
2018-05-20,,,121.0,122.90908245278519,,
2018-05-21,,,138.0,132.94137344598062,,
2018-05-22,,,163.0,125.14120662649994,,
2018-05-23,,,137.0,121.41954957568952,,
2018-05-24,,,114.0,157.94519051648598,,
2018-05-25,,,147.0,120.61279092331213,,
2018-05-26,,,109.0,130.23626451190822,,
2018-05-27,,,183.0,144.0011460132209,,
2018-05-28,,,149.0,145.04679492815072,,
2018-05-29,,,124.0,125.3172208279921,,
2018-05-30,,,133.0,117.75539258544649,,
2018-05-31,,,105.0,151.1770674077598,,
2018-06-01,,,161.0,118.00187670420672,,
2018-06-02,,,121.0,144.8468148619903,,
2018-06-03,,,121.0,133.86121329107846,,
2018-06-04,,,151.0,135.98929689135616,,
2018-06-05,,,178.0,125.34820910035434,,
2018-06-06,,,119.0,117.81423708316596,,
2018-06-07,,,127.0,164.52726274863295,,
2018-06-08,,,157.0,125.9737069469168,,
2018-06-09,,,120.0,140.74942870540062,,
2018-06-10,,,158.0,132.02024923661915,,
2018-06-11,,,136.0,143.24878319204623,,
2018-06-12,,,140.0,133.63052115782372,,
2018-06-13,,,134.0,126.36553257188358,,
2018-06-14,,,111.0,150.68944046212818,,
2018-06-15,,,156.0,113.63032057713673,,
2018-06-16,,,123.0,137.1092933404389,,
2018-06-17,,,128.0,140.84373496341635,,
2018-06-18,,,136.0,148.50924268023326,,
2018-06-19,,,147.0,125.54065343770655,,
2018-06-20,,,123.0,111.86189386832831,,
2018-06-21,,,108.0,155.3749418895702,,
2018-06-22,,,144.0,123.0864376503113,,
2018-06-23,,,109.0,140.72037454747664,,
2018-06-24,,,147.0,136.38756232441926,,
2018-06-25,,,119.0,132.0363203338868,,
2018-06-26,,,114.0,121.45539695689615,,
2018-06-27,,,144.0,124.33146365227374,,
2018-06-28,,,97.0,151.31083084698327,,
2018-06-29,,,160.0,111.83985616765864,,
2018-06-30,,,103.0,134.42403923541582,,
2018-07-01,,,146.0,133.3116750419906,,
2018-07-02,,,124.0,144.08146865522912,,
2018-07-03,,,138.0,129.15897349713867,,
2018-07-04,,,140.0,114.35364941920186,,
2018-07-05,,,137.0,154.88518322589022,,
2018-07-06,,,145.0,119.964768460989,,
2018-07-07,,,120.0,140.0401762173411,,
2018-07-08,,,133.0,136.02398930247043,,
2018-07-09,,,164.0,141.3443803654761,,
2018-07-10,,,174.0,127.62215541313776,,
2018-07-11,,,124.0,121.3420586380991,,
2018-07-12,,,107.0,157.70233133054447,,
2018-07-13,,,157.0,119.70499511507259,,
2018-07-14,,,112.0,136.39810341766437,,
2018-07-15,,,116.0,127.72875502837321,,
2018-07-16,,,137.0,140.41932402396307,,
2018-07-17,,,114.0,126.16808931703444,,
2018-07-18,,,124.0,118.34796782747304,,
2018-07-19,,,110.0,151.56109968643918,,
2018-07-20,,,164.0,114.68227030654222,,
2018-07-21,,,102.0,133.73994724367287,,
2018-07-22,,,143.0,134.22623057497321,,
2018-07-23,,,110.0,137.72055201709009,,
2018-07-24,,,118.0,123.58850218089366,,
2018-07-25,,,120.0,114.3519028652679,,
2018-07-26,,,103.0,150.5922869237713,,
2018-07-27,,,119.0,110.53574021900293,,
2018-07-28,,,104.0,126.43023480760816,,
2018-07-29,,,114.0,123.57570576603186,,
2018-07-30,,,121.0,133.78162641380715,,
2018-07-31,,,154.0,127.66913582607914,,
2018-08-01,,,116.0,114.97531350731488,,
2018-08-02,,,111.0,147.47736904995156,,
2018-08-03,,,154.0,104.60183286534506,,
2018-08-04,,,100.0,130.254178492366,,
2018-08-05,,,95.0,127.04386129299195,,
2018-08-06,,,134.0,138.51064988388157,,
2018-08-07,,,161.0,122.4558675423452,,
2018-08-08,,,131.0,111.10583068237246,,
2018-08-09,,,93.0,143.6584834111805,,
2018-08-10,,,159.0,115.23003594228194,,
2018-08-11,,,83.0,129.99800240596946,,
2018-08-12,,,120.0,121.30941947963986,,
2018-08-13,,,148.0,133.71780015904713,,
2018-08-14,,,99.0,117.04551161416212,,
2018-08-15,,,99.0,106.83405981006138,,
2018-08-16,,,116.0,148.6706049967955,,
2018-08-17,,,156.0,111.64862630080435,,
2018-08-18,,,79.0,116.8806245391674,,
2018-08-19,,,124.0,125.9565534998247,,
2018-08-20,,,140.0,134.72343686209263,,
2018-08-21,,,130.0,119.29337691132832,,
2018-08-22,,,123.0,112.17954525844368,,
2018-08-23,,,119.0,150.00207818151335,,
2018-08-24,,,148.0,102.12036515958378,,
2018-08-25,,,92.0,124.54138927996642,,
2018-08-26,,,162.0,131.01645931726063,,
2018-08-27,,,134.0,136.79932413232257,,
2018-08-28,,,120.0,121.13453627090922,,
2018-08-29,,,94.0,108.9514523100688,,
2018-08-30,,,117.0,146.19938720752714,,
2018-08-31,,,147.0,101.25952542191463,,
2018-09-01,,,97.0,125.93838165507887,,
2018-09-02,,,162.0,129.83062377014488,,
2018-09-03,,,117.0,132.8068966400099,,
2018-09-04,,,127.0,121.19363308941031,,
2018-09-05,,,129.0,112.66742346031134,,
2018-09-06,,,124.0,147.77823450997545,,
2018-09-07,,,141.0,108.0810230454179,,
2018-09-08,,,128.0,132.0399554086518,,
2018-09-09,,,130.0,129.18072182087406,,
2018-09-10,,,129.0,134.18986368546646,,
2018-09-11,,,143.0,120.95910961029422,,
2018-09-12,,,128.0,114.54122130141145,,
2018-09-13,,,127.0,152.40619624067722,,
2018-09-14,,,145.0,106.46219020994043,,
2018-09-15,,,96.0,131.08735927109458,,
2018-09-16,,,108.0,125.80926835754173,,
2018-09-17,,,126.0,132.39566553229622,,
2018-09-18,,,123.0,115.47852240304805,,
2018-09-19,,,120.0,110.49016397069688,,
2018-09-20,,,125.0,146.84080872244593,,
2018-09-21,,,152.0,111.60508205335873,,
2018-09-22,,,115.0,137.38866695622391,,
2018-09-23,,,155.0,129.5753717247349,,
2018-09-24,,,129.0,131.1607450482116,,
2018-09-25,,,95.0,115.76366635489329,,
2018-09-26,,,115.0,112.89699434979049,,
2018-09-27,,,107.0,150.11908893919284,,
2018-09-28,,,134.0,109.04104322024052,,
2018-09-29,,,107.0,122.75439443814929,,
2018-09-30,,,145.0,124.90699265510234,,
2018-10-01,,,154.0,133.36147235048756,,
2018-10-02,,,107.0,118.28496972157436,,
2018-10-03,,,105.0,116.64317888308891,,
2018-10-04,,,93.0,148.27926058125178,,
2018-10-05,,,155.0,103.80520915392833,,
2018-10-06,,,121.0,128.4904745135836,,
2018-10-07,,,103.0,120.31089705241787,,
2018-10-08,,,142.0,131.2888537124585,,
2018-10-09,,,129.0,121.84825744925968,,
2018-10-10,,,135.0,117.8730272046089,,
2018-10-11,,,121.0,146.98344621173456,,
2018-10-12,,,160.0,110.18529501717481,,
2018-10-13,,,117.0,131.81339617928205,,
2018-10-14,,,157.0,130.48517876713962,,
2018-10-15,,,132.0,133.13040964199163,,
2018-10-16,,,130.0,124.05476707355908,,
2018-10-17,,,120.0,114.72800033561477,,
2018-10-18,,,131.0,151.86143214288109,,
2018-10-19,,,156.0,113.7001766383681,,
2018-10-20,,,97.0,130.13057437892618,,
2018-10-21,,,147.0,132.78969174797362,,
2018-10-22,,,127.0,133.02994345968253,,
2018-10-23,,,103.0,114.5692423173328,,
2018-10-24,,,107.0,107.2433745637695,,
2018-10-25,,,111.0,148.83254186340116,,
2018-10-26,,,164.0,110.81606706341961,,
2018-10-27,,,120.0,138.15320639044666,,
2018-10-28,,,140.0,132.01823537796392,,
2018-10-29,,,127.0,127.20667552547405,,
2018-10-30,,,118.0,117.47201279787281,,
2018-10-31,,,105.0,117.09524781620019,,
2018-11-01,,,92.0,149.04759371119445,,
2018-11-02,,,153.0,110.42451968529849,,
2018-11-03,,,105.0,128.87678684428138,,
2018-11-04,,,99.0,115.71748860782658,,
2018-11-05,,,114.0,123.47734446079174,,
2018-11-06,,,157.0,123.14560792584115,,
2018-11-07,,,140.0,117.37851235344165,,
2018-11-08,,,120.0,151.08284302499038,,
2018-11-09,,,151.0,114.03115290921824,,
2018-11-10,,,114.0,130.70300973174497,,
2018-11-11,,,113.0,123.83535012612371,,
2018-11-12,,,129.0,129.2296927037177,,
2018-11-13,,,138.0,121.21272514742908,,
2018-11-14,,,134.0,115.86346588679234,,
2018-11-15,,,123.0,154.1053420566502,,
2018-11-16,,,157.0,109.64068962331461,,
2018-11-17,,,87.0,128.36581613295698,,
2018-11-18,,,159.0,129.24663607474116,,
2018-11-19,,,137.0,129.85690129266965,,
2018-11-20,,,126.0,120.40987024132765,,
2018-11-21,,,132.0,120.31224300270333,,
2018-11-22,,,115.0,154.06683694737572,,
2018-11-23,,,154.0,111.72135699143247,,
2018-11-24,,,99.0,129.5018248560713,,
2018-11-25,,,163.0,131.1103844878124,,
2018-11-26,,,157.0,138.07932035828935,,
2018-11-27,,,112.0,126.50567382435207,,
2018-11-28,,,124.0,119.16182699137138,,
2018-11-29,,,114.0,149.32964278970275,,
2018-11-30,,,138.0,104.52150567311534,,
2018-12-01,,,118.0,129.1061894416435,,
2018-12-02,,,125.0,129.15387654167466,,
2018-12-03,,,173.0,140.7958321098687,,
2018-12-04,,,125.0,126.73213830686794,,
2018-12-05,,,116.0,119.00574627203382,,
2018-12-06,,,128.0,153.70147856099868,,
2018-12-07,,,156.0,109.7639910773974,,
2018-12-08,,,117.0,135.1489053808281,,
2018-12-09,,,148.0,136.15456562707254,,
2018-12-10,,,135.0,137.44650922710738,,
2018-12-11,,,128.0,124.41627042153755,,
2018-12-12,,,128.0,117.77869674660857,,
2018-12-13,,,116.0,148.18313578811262,,
2018-12-14,,,151.0,111.03669366850426,,
2018-12-15,,,120.0,139.775338310103,,
2018-12-16,,,158.0,138.97428027958486,,
2018-12-17,,,144.0,136.85660780324628,,
2018-12-18,,,110.0,122.8595503682847,,
2018-12-19,,,114.0,113.45638788213887,,
2018-12-20,,,104.0,149.11522015475177,,
2018-12-21,,,152.0,114.5813349583586,,
2018-12-22,,,110.0,137.68398217555335,,
2018-12-23,,,150.0,137.61829288457142,,
2018-12-24,,,91.0,123.28322545993186,,
2018-12-25,,,81.0,110.82453688847943,,
2018-12-26,,,97.0,107.5619544926758,,
2018-12-27,,,130.0,151.48057663507515,,
2018-12-28,,,166.0,112.3861861402008,,
2018-12-29,,,101.0,135.602172124118,,
2018-12-30,,,90.0,119.82321074410156,,
2018-12-31,,,93.0,119.91973909139716,,
2019-01-01,,,,,117.0,115.6394769575349
2019-01-02,,,,,126.0,116.9319039355394
2019-01-03,,,,,113.0,149.21990546914563
2019-01-04,,,,,163.0,109.47388019531434
2019-01-05,,,,,108.0,128.70068475305806
2019-01-06,,,,,149.0,126.43374330758334
2019-01-07,,,,,129.0,125.78616808963389
2019-01-08,,,,,121.0,121.55460521483027
2019-01-09,,,,,135.0,115.45767909819271
2019-01-10,,,,,115.0,149.44979810104377
2019-01-11,,,,,139.0,109.53358463565041
2019-01-12,,,,,114.0,133.5908296249889
2019-01-13,,,,,160.0,128.8773702861458
2019-01-14,,,,,139.0,124.22043411604993
2019-01-15,,,,,138.0,119.811585478702
2019-01-16,,,,,128.0,120.86851151298221
2019-01-17,,,,,126.0,161.48766259897877
2019-01-18,,,,,159.0,115.51298643841432
2019-01-19,,,,,102.0,128.89558995451412
2019-01-20,,,,,96.0,113.15628939569595
2019-01-21,,,,,130.0,123.01218352991383
2019-01-22,,,,,151.0,130.2403919007807
2019-01-23,,,,,118.0,126.2800433910839
2019-01-24,,,,,122.0,153.65876280312122
2019-01-25,,,,,152.0,102.57720389823191
2019-01-26,,,,,109.0,127.81861337657882
2019-01-27,,,,,161.0,131.1736214335519
2019-01-28,,,,,143.0,140.5266763432022
2019-01-29,,,,,134.0,131.5180456096318
2019-01-30,,,,,112.0,115.61435333309775
2019-01-31,,,,,144.0,150.07207735487813
2019-02-01,,,,,149.0,111.58140992825572
2019-02-02,,,,,113.0,136.13969975707417
2019-02-03,,,,,149.0,135.15069855909715
2019-02-04,,,,,128.0,131.78407413420598
2019-02-05,,,,,111.0,119.69979122799958
2019-02-06,,,,,131.0,118.61581088940433
2019-02-07,,,,,145.0,158.19536073904317
2019-02-08,,,,,165.0,110.76381624127899
2019-02-09,,,,,134.0,139.60052165819133
2019-02-10,,,,,148.0,134.99075954415255
2019-02-11,,,,,130.0,138.16649941939247
2019-02-12,,,,,124.0,130.08513747317116
2019-02-13,,,,,122.0,124.91526641295172
2019-02-14,,,,,126.0,149.00397059987728
2019-02-15,,,,,183.0,112.52670559321896
2019-02-16,,,,,126.0,142.71334379261745
2019-02-17,,,,,150.0,140.4386634089165
2019-02-18,,,,,150.0,139.14157382387492
2019-02-19,,,,,128.0,125.65569973432436
2019-02-20,,,,,123.0,118.14962546864211
2019-02-21,,,,,111.0,154.7740629463575
2019-02-22,,,,,183.0,127.76526082739629
2019-02-23,,,,,107.0,142.91363563128374
2019-02-24,,,,,86.0,122.72774556946639
2019-02-25,,,,,122.0,123.05629553641066
2019-02-26,,,,,126.0,122.57199187573539
2019-02-27,,,,,128.0,124.39412211045423
2019-02-28,,,,,120.0,161.28915537281506
2019-03-01,,,,,144.0,111.08816863662798
2019-03-02,,,,,76.0,124.92081725321107
2019-03-03,,,,,163.0,130.61160891806324
2019-03-04,,,,,130.0,132.58646820919364
2019-03-05,,,,,121.0,126.86928530635637
2019-03-06,,,,,131.0,124.86689213759533
2019-03-07,,,,,118.0,154.9548782890137
2019-03-08,,,,,163.0,112.11548260609734
2019-03-09,,,,,114.0,140.39242177958482
2019-03-10,,,,,154.0,133.03265030500347
2019-03-11,,,,,109.0,125.11435941423271
2019-03-12,,,,,107.0,119.79353968943391
2019-03-13,,,,,109.0,117.82754419613039
2019-03-14,,,,,115.0,154.9469932290926
2019-03-15,,,,,181.0,114.64659461275033
2019-03-16,,,,,93.0,127.03591097682607
2019-03-17,,,,,100.0,118.01998795523795
2019-03-18,,,,,120.0,124.43551337583516
2019-03-19,,,,,118.0,129.2009223530006
2019-03-20,,,,,109.0,123.688936610699
2019-03-21,,,,,107.0,149.07030051982775
2019-03-22,,,,,176.0,100.2801189025758
2019-03-23,,,,,104.0,126.2661115651687
2019-03-24,,,,,109.0,126.87519871964356
2019-03-25,,,,,113.0,135.59327186768886
2019-03-26,,,,,153.0,127.47621307528082
2019-03-27,,,,,124.0,110.7296109042523
2019-03-28,,,,,120.0,145.73721510516208
2019-03-29,,,,,150.0,109.12724539334374
2019-03-30,,,,,115.0,140.82141946753455
2019-03-31,,,,,140.0,130.60511097757987
2019-04-01,,,,,142.0,125.75093591150748
2019-04-02,,,,,143.0,119.9743291080758
2019-04-03,,,,,128.0,121.30884199672337
2019-04-04,,,,,136.0,162.2539526373188
2019-04-05,,,,,157.0,112.34005645712399
2019-04-06,,,,,128.0,134.1466438403124
2019-04-07,,,,,163.0,129.32881540426325
2019-04-08,,,,,122.0,129.81661650907557
2019-04-09,,,,,144.0,130.09966315702562
2019-04-10,,,,,115.0,123.45377288188521
2019-04-11,,,,,131.0,157.74479965845916
2019-04-12,,,,,153.0,109.27863471486874
2019-04-13,,,,,104.0,135.08408012392687
2019-04-14,,,,,150.0,131.69961638092133
2019-04-15,,,,,129.0,133.63675418521046
2019-04-16,,,,,122.0,123.99513904269904
2019-04-17,,,,,111.0,121.77342510172959
2019-04-18,,,,,119.0,157.1070412644475
2019-04-19,,,,,142.0,106.91318482909121
2019-04-20,,,,,100.0,131.8353684090021
2019-04-21,,,,,70.0,115.39965304656536
2019-04-22,,,,,68.0,118.31740905404644
2019-04-23,,,,,169.0,126.99917378415769
2019-04-24,,,,,132.0,120.65698422335726
2019-04-25,,,,,126.0,150.41468286460488
2019-04-26,,,,,184.0,108.15896052189197
2019-04-27,,,,,113.0,132.68562727884367
2019-04-28,,,,,98.0,126.50427660282969
2019-04-29,,,,,132.0,138.89269956946274
2019-04-30,,,,,119.0,122.15763922439179
2019-05-01,,,,,96.0,110.68774071405866
2019-05-02,,,,,105.0,142.45247135625502
2019-05-03,,,,,144.0,102.75889283988923
2019-05-04,,,,,120.0,134.63739351518151
2019-05-05,,,,,154.0,128.98604604304978
2019-05-06,,,,,145.0,130.97351636010805
2019-05-07,,,,,114.0,117.02733318075869
2019-05-08,,,,,134.0,118.78173248818489
2019-05-09,,,,,126.0,158.2607486649365
2019-05-10,,,,,196.0,119.2845824890941
2019-05-11,,,,,115.0,132.18102124061494
2019-05-12,,,,,109.0,123.01841286438146
2019-05-13,,,,,133.0,130.7239821810458
2019-05-14,,,,,120.0,122.66987807297139
2019-05-15,,,,,127.0,126.61095502206831
2019-05-16,,,,,104.0,153.26709375162517
2019-05-17,,,,,134.0,96.65357666382837
2019-05-18,,,,,131.0,124.6222149040613
2019-05-19,,,,,163.0,130.61052208284065
2019-05-20,,,,,151.0,139.21536752991034
2019-05-21,,,,,128.0,131.8128106090192
2019-05-22,,,,,122.0,122.622609029834
2019-05-23,,,,,143.0,155.837003301146
2019-05-24,,,,,164.0,114.76018483317841
2019-05-25,,,,,109.0,141.03903024218477
2019-05-26,,,,,125.0,130.5464029655152
2019-05-27,,,,,135.0,131.51424116845655
2019-05-28,,,,,155.0,120.41933643838142
2019-05-29,,,,,135.0,121.73629332786797
2019-05-30,,,,,125.0,161.6070134695351
2019-05-31,,,,,170.0,115.42610535141989
2019-06-01,,,,,105.0,131.85424983749215
2019-06-02,,,,,93.0,123.49360024643181
2019-06-03,,,,,151.0,136.85352535137184
2019-06-04,,,,,130.0,129.48092825790735
2019-06-05,,,,,130.0,126.30445861422297
2019-06-06,,,,,125.0,153.62096172919365
2019-06-07,,,,,166.0,110.49568027222257
2019-06-08,,,,,116.0,135.54793754107638
2019-06-09,,,,,185.0,146.85528208975452
2019-06-10,,,,,138.0,140.70959885025806
2019-06-11,,,,,126.0,123.25449436436756
2019-06-12,,,,,126.0,117.90301571709807
2019-06-13,,,,,134.0,159.93112146941377
2019-06-14,,,,,165.0,120.36624310224703
2019-06-15,,,,,109.0,143.13451430537168
2019-06-16,,,,,135.0,130.0309276178834
2019-06-17,,,,,120.0,128.26976636493583
2019-06-18,,,,,101.0,121.65966631552588
2019-06-19,,,,,127.0,128.97202683911627
2019-06-20,,,,,122.0,162.81656569083742
2019-06-21,,,,,170.0,107.20772212317077
2019-06-22,,,,,100.0,124.24270549975846
2019-06-23,,,,,175.0,137.55563259584332
2019-06-24,,,,,140.0,142.64077280626617
2019-06-25,,,,,108.0,131.4228557049378
2019-06-26,,,,,117.0,122.9104261532122
2019-06-27,,,,,91.0,146.31816691376815
2019-06-28,,,,,135.0,104.40693396661881
2019-06-29,,,,,104.0,138.3416716441108
2019-06-30,,,,,177.0,141.55154752935957
2019-07-01,,,,,145.0,133.1107110076743
2019-07-02,,,,,120.0,119.0729815837686
2019-07-03,,,,,138.0,120.70804569789777
2019-07-04,,,,,108.0,159.00190219781894
2019-07-05,,,,,149.0,116.73744979863321
2019-07-06,,,,,108.0,138.02633113209248
2019-07-07,,,,,105.0,122.59071080340715
2019-07-08,,,,,119.0,122.72089201830607
2019-07-09,,,,,167.0,129.3489159631023
2019-07-10,,,,,109.0,121.56032333021125
2019-07-11,,,,,105.0,155.43712058516297
2019-07-12,,,,,121.0,98.74330714405829
2019-07-13,,,,,99.0,130.92201539291446
2019-07-14,,,,,96.0,123.5184827878474
2019-07-15,,,,,136.0,134.245870864683
2019-07-16,,,,,136.0,118.92027149210647
2019-07-17,,,,,108.0,110.103298900768
2019-07-18,,,,,105.0,142.07113330401032
2019-07-19,,,,,153.0,114.17890460220227
2019-07-20,,,,,90.0,138.10229862557446
2019-07-21,,,,,93.0,124.5050268972259
2019-07-22,,,,,130.0,121.35857317216978
2019-07-23,,,,,169.0,118.32234275860299
2019-07-24,,,,,130.0,115.29700144604922
2019-07-25,,,,,128.0,159.07045975694646
2019-07-26,,,,,152.0,108.57380687775574
2019-07-27,,,,,82.0,123.54852008202467
2019-07-28,,,,,92.0,117.89490784825949
2019-07-29,,,,,126.0,130.2966820622121
2019-07-30,,,,,164.0,127.86742524509062
2019-07-31,,,,,111.0,115.37526612524894
2019-08-01,,,,,107.0,142.50211457589398
2019-08-02,,,,,143.0,94.64899065580717
2019-08-03,,,,,104.0,128.2285128810194
2019-08-04,,,,,153.0,137.34248211574337
2019-08-05,,,,,129.0,137.93654442479576
2019-08-06,,,,,117.0,117.08291242809678
2019-08-07,,,,,132.0,111.4835256698023
2019-08-08,,,,,127.0,149.0507085116362
2019-08-09,,,,,132.0,104.81154068420855
2019-08-10,,,,,101.0,132.99371512719563
2019-08-11,,,,,108.0,121.41901275019877
2019-08-12,,,,,123.0,126.55974646585383
2019-08-13,,,,,176.0,125.80222058541676
2019-08-14,,,,,115.0,122.6348417707871
2019-08-15,,,,,87.0,145.3013451143405
2019-08-16,,,,,159.0,97.32522523442321
2019-08-17,,,,,91.0,116.42086932091664
2019-08-18,,,,,84.0,124.87000534900845
2019-08-19,,,,,128.0,139.2873257688103
2019-08-20,,,,,131.0,124.11296987744734
2019-08-21,,,,,117.0,104.31096146205799
2019-08-22,,,,,121.0,137.44230330783262
2019-08-23,,,,,160.0,98.98354392247089
2019-08-24,,,,,91.0,135.93654263727365
2019-08-25,,,,,89.0,127.32555137546338
2019-08-26,,,,,121.0,128.64918809815634
2019-08-27,,,,,157.0,112.61194921250814
2019-08-28,,,,,115.0,109.4699194173043
2019-08-29,,,,,112.0,149.72425038965864
2019-08-30,,,,,149.0,108.00018133673237
2019-08-31,,,,,100.0,121.01552661432349
2019-09-01,,,,,150.0,125.57749385664667
2019-09-02,,,,,124.0,133.54031390950618
2019-09-03,,,,,102.0,118.50008556917906
2019-09-04,,,,,106.0,113.12166435301488
2019-09-05,,,,,105.0,141.47812813582178
2019-09-06,,,,,127.0,86.02015089136236
2019-09-07,,,,,86.0,119.63250496447523
2019-09-08,,,,,98.0,125.63754901035699
2019-09-09,,,,,117.0,127.82007482449679
2019-09-10,,,,,156.0,113.9302748180316
2019-09-11,,,,,114.0,107.11644058265273
2019-09-12,,,,,124.0,148.8421290960295
2019-09-13,,,,,143.0,104.63039305681428
2019-09-14,,,,,98.0,124.99357737891825
2019-09-15,,,,,118.0,117.7256724338708
2019-09-16,,,,,127.0,126.68093082306817
2019-09-17,,,,,112.0,116.57491518575864
2019-09-18,,,,,102.0,116.7128811811114
2019-09-19,,,,,91.0,140.3277575477518
2019-09-20,,,,,143.0,87.83016787942671
2019-09-21,,,,,93.0,113.42572646702499
2019-09-22,,,,,164.0,128.52526744265802
2019-09-23,,,,,109.0,134.5682665931715
2019-09-24,,,,,161.0,120.11823492626345
2019-09-25,,,,,117.0,105.82585285720506
2019-09-26,,,,,103.0,142.55243847666523
2019-09-27,,,,,153.0,103.3694330166878
2019-09-28,,,,,105.0,129.95995574762185
2019-09-29,,,,,94.0,123.34926730346034
2019-09-30,,,,,103.0,119.3886216393089
2019-10-01,,,,,119.0,106.72355232681942
2019-10-02,,,,,101.0,107.41382148938419
2019-10-03,,,,,94.0,143.48610392414275
2019-10-04,,,,,137.0,91.02994762915893
2019-10-05,,,,,118.0,121.23703014118627
2019-10-06,,,,,148.0,121.46050745908988
2019-10-07,,,,,115.0,133.00183521353614
2019-10-08,,,,,111.0,117.35499768717995
2019-10-09,,,,,111.0,110.65938931555124
2019-10-10,,,,,101.0,137.28429400632166
2019-10-11,,,,,150.0,99.1058112997539
2019-10-12,,,,,93.0,124.34378263949887
2019-10-13,,,,,96.0,119.6162290043063
2019-10-14,,,,,133.0,126.4123084656244
2019-10-15,,,,,152.0,104.2338932432774
2019-10-16,,,,,129.0,104.60244724538704
2019-10-17,,,,,106.0,149.53925396775426
2019-10-18,,,,,157.0,107.67980965690678
2019-10-19,,,,,110.0,124.79539858210251
2019-10-20,,,,,144.0,124.92800286755653
2019-10-21,,,,,124.0,124.14635734855862
2019-10-22,,,,,126.0,118.98150713102675
2019-10-23,,,,,119.0,116.9464484947301
2019-10-24,,,,,111.0,149.32639503969446
2019-10-25,,,,,186.0,102.23761783621215
2019-10-26,,,,,93.0,124.16672953795717
2019-10-27,,,,,166.0,128.88683051856904
2019-10-28,,,,,136.0,136.1088223125541
2019-10-29,,,,,122.0,113.07116736475253
2019-10-30,,,,,131.0,111.17754581398206
2019-10-31,,,,,102.0,151.49450794068798
2019-11-01,,,,,128.0,106.10034060350586
2019-11-02,,,,,121.0,131.8449882041322
2019-11-03,,,,,140.0,124.51095114139423
2019-11-04,,,,,139.0,129.8708363635229
2019-11-05,,,,,139.0,120.13259206608227
2019-11-06,,,,,122.0,120.55083102450062
2019-11-07,,,,,119.0,154.87729183115516
2019-11-08,,,,,160.0,102.77904755312082
2019-11-09,,,,,90.0,120.54814212021262
2019-11-10,,,,,108.0,125.76580839952472
2019-11-11,,,,,107.0,132.13209247564757
2019-11-12,,,,,154.0,120.80958619678194
2019-11-13,,,,,141.0,114.84807662194271
2019-11-14,,,,,113.0,149.68526869605438
2019-11-15,,,,,147.0,104.50322769167188
2019-11-16,,,,,112.0,138.43758146968244
2019-11-17,,,,,186.0,136.58790583240773
2019-11-18,,,,,119.0,134.25156952651975
2019-11-19,,,,,114.0,117.40141213012896
2019-11-20,,,,,111.0,109.65945910541048
2019-11-21,,,,,101.0,150.15947333764072
2019-11-22,,,,,151.0,107.1342054595229
2019-11-23,,,,,98.0,128.61854957320475
2019-11-24,,,,,153.0,128.31431927989235
2019-11-25,,,,,129.0,132.5619967457447
2019-11-26,,,,,104.0,112.63910448917613
2019-11-27,,,,,114.0,113.56665502868209
2019-11-28,,,,,115.0,154.30623719811464
2019-11-29,,,,,153.0,104.90018135782037
2019-11-30,,,,,95.0,128.07168761265746
2019-12-01,,,,,146.0,129.8558978622499
2019-12-02,,,,,95.0,127.55294245139461
2019-12-03,,,,,134.0,119.4565256815522
2019-12-04,,,,,110.0,112.42415951677611
2019-12-05,,,,,118.0,149.7765762167321
2019-12-06,,,,,162.0,102.78590344500094
2019-12-07,,,,,116.0,134.55555019741539
2019-12-08,,,,,103.0,119.2145385482889
2019-12-09,,,,,127.0,132.6553771655451
2019-12-10,,,,,118.0,115.19049805554802
2019-12-11,,,,,102.0,107.0980666192489
2019-12-12,,,,,111.0,149.79579478229647
2019-12-13,,,,,145.0,105.14919040947782
2019-12-14,,,,,108.0,130.90493138778132
2019-12-15,,,,,158.0,126.88033656008157
2019-12-16,,,,,131.0,129.78304497342643
2019-12-17,,,,,111.0,111.49934745599279
2019-12-18,,,,,119.0,112.63459311012
2019-12-19,,,,,107.0,150.96059565411704
2019-12-20,,,,,163.0,109.53317620777145
2019-12-21,,,,,118.0,131.29400189624835
2019-12-22,,,,,151.0,127.22520310392827
2019-12-23,,,,,81.0,123.58793220749762
2019-12-24,,,,,53.0,103.59943815644391
2019-12-25,,,,,83.0,105.07183152706637
2019-12-26,,,,,77.0,144.150145982065
2019-12-27,,,,,193.0,102.61763803830355
2019-12-28,,,,,111.0,126.34151701178936
2019-12-29,,,,,101.0,112.58000397820952
2019-12-30,,,,,108.0,117.25466863310331
2019-12-31,,,,,80.0,110.7340120943525
