date,y_train_xgboost,y_train_pred_xgboost,y_dev_xgboost,y_dev_pred_xgboost,y_test_xgboost,y_test_pred_xgboost,y_train_arima,y_train_pred_arima,y_dev_arima,y_dev_pred_arima,y_test_arima,y_test_pred_arima
2015-01-01,135.0,136.21098,,,,,135.0,136.21098,,,,
2015-01-02,187.0,184.00029,,,,,187.0,184.00029,,,,
2015-01-03,139.0,135.74527,,,,,139.0,135.74527,,,,
2015-01-04,141.0,134.56624,,,,,141.0,134.56624,,,,
2015-01-05,147.0,152.90903,,,,,147.0,152.90903,,,,
2015-01-06,118.0,121.37771,,,,,118.0,121.37771,,,,
2015-01-07,155.0,144.25706,,,,,155.0,144.25706,,,,
2015-01-08,134.0,136.5468,,,,,134.0,136.5468,,,,
2015-01-09,189.0,180.38535,,,,,189.0,180.38535,,,,
2015-01-10,128.0,128.6843,,,,,128.0,128.6843,,,,
2015-01-11,123.0,136.25566,,,,,123.0,136.25566,,,,
2015-01-12,168.0,163.07736,,,,,168.0,163.07736,,,,
2015-01-13,180.0,159.94708,,,,,180.0,159.94708,,,,
2015-01-14,149.0,146.19247,,,,,149.0,146.19247,,,,
2015-01-15,149.0,139.49588,,,,,149.0,139.49588,,,,
2015-01-16,190.0,184.6544,,,,,190.0,184.6544,,,,
2015-01-17,123.0,130.85567,,,,,123.0,130.85567,,,,
2015-01-18,153.0,143.19763,,,,,153.0,143.19763,,,,
2015-01-19,155.0,156.32816,,,,,155.0,156.32816,,,,
2015-01-20,157.0,152.22409,,,,,157.0,152.22409,,,,
2015-01-21,144.0,139.14297,,,,,144.0,139.14297,,,,
2015-01-22,136.0,137.68939,,,,,136.0,137.68939,,,,
2015-01-23,166.0,166.68703,,,,,166.0,166.68703,,,,
2015-01-24,134.0,132.5361,,,,,134.0,132.5361,,,,
2015-01-25,121.0,131.94766,,,,,121.0,131.94766,,,,
2015-01-26,154.0,159.39497,,,,,154.0,159.39497,,,,
2015-01-27,150.0,146.74733,,,,,150.0,146.74733,,,,
2015-01-28,114.0,130.28458,,,,,114.0,130.28458,,,,
2015-01-29,141.0,139.19269,,,,,141.0,139.19269,,,,
2015-01-30,180.0,177.94629,,,,,180.0,177.94629,,,,
2015-01-31,116.0,127.412315,,,,,116.0,127.412315,,,,
2015-02-01,153.0,147.18434,,,,,153.0,147.18434,,,,
2015-02-02,166.0,158.01949,,,,,166.0,158.01949,,,,
2015-02-03,159.0,154.7801,,,,,159.0,154.7801,,,,
2015-02-04,145.0,144.04144,,,,,145.0,144.04144,,,,
2015-02-05,133.0,135.71513,,,,,133.0,135.71513,,,,
2015-02-06,192.0,181.75275,,,,,192.0,181.75275,,,,
2015-02-07,127.0,124.88635,,,,,127.0,124.88635,,,,
2015-02-08,155.0,143.99207,,,,,155.0,143.99207,,,,
2015-02-09,163.0,159.8358,,,,,163.0,159.8358,,,,
2015-02-10,153.0,160.60905,,,,,153.0,160.60905,,,,
2015-02-11,160.0,145.90201,,,,,160.0,145.90201,,,,
2015-02-12,142.0,140.97906,,,,,142.0,140.97906,,,,
2015-02-13,206.0,197.85078,,,,,206.0,197.85078,,,,
2015-02-14,135.0,130.62234,,,,,135.0,130.62234,,,,
2015-02-15,155.0,153.97734,,,,,155.0,153.97734,,,,
2015-02-16,173.0,162.51848,,,,,173.0,162.51848,,,,
2015-02-17,174.0,170.45401,,,,,174.0,170.45401,,,,
2015-02-18,140.0,137.74973,,,,,140.0,137.74973,,,,
2015-02-19,171.0,148.28278,,,,,171.0,148.28278,,,,
2015-02-20,179.0,177.56612,,,,,179.0,177.56612,,,,
2015-02-21,146.0,133.12238,,,,,146.0,133.12238,,,,
2015-02-22,143.0,148.94328,,,,,143.0,148.94328,,,,
2015-02-23,159.0,159.48674,,,,,159.0,159.48674,,,,
2015-02-24,183.0,171.46068,,,,,183.0,171.46068,,,,
2015-02-25,155.0,137.5173,,,,,155.0,137.5173,,,,
2015-02-26,136.0,139.76471,,,,,136.0,139.76471,,,,
2015-02-27,193.0,182.13399,,,,,193.0,182.13399,,,,
2015-02-28,131.0,133.6226,,,,,131.0,133.6226,,,,
2015-03-01,185.0,169.76785,,,,,185.0,169.76785,,,,
2015-03-02,152.0,154.93706,,,,,152.0,154.93706,,,,
2015-03-03,138.0,152.62074,,,,,138.0,152.62074,,,,
2015-03-04,151.0,149.03572,,,,,151.0,149.03572,,,,
2015-03-05,154.0,141.88127,,,,,154.0,141.88127,,,,
2015-03-06,205.0,196.70103,,,,,205.0,196.70103,,,,
2015-03-07,145.0,133.477,,,,,145.0,133.477,,,,
2015-03-08,134.0,142.71707,,,,,134.0,142.71707,,,,
2015-03-09,178.0,166.126,,,,,178.0,166.126,,,,
2015-03-10,160.0,159.58716,,,,,160.0,159.58716,,,,
2015-03-11,153.0,152.44987,,,,,153.0,152.44987,,,,
2015-03-12,139.0,147.42842,,,,,139.0,147.42842,,,,
2015-03-13,200.0,188.3725,,,,,200.0,188.3725,,,,
2015-03-14,136.0,137.36873,,,,,136.0,137.36873,,,,
2015-03-15,151.0,157.20546,,,,,151.0,157.20546,,,,
2015-03-16,163.0,157.50336,,,,,163.0,157.50336,,,,
2015-03-17,143.0,146.54463,,,,,143.0,146.54463,,,,
2015-03-18,160.0,156.76181,,,,,160.0,156.76181,,,,
2015-03-19,125.0,140.93962,,,,,125.0,140.93962,,,,
2015-03-20,174.0,172.32793,,,,,174.0,172.32793,,,,
2015-03-21,134.0,136.59532,,,,,134.0,136.59532,,,,
2015-03-22,152.0,149.0601,,,,,152.0,149.0601,,,,
2015-03-23,152.0,153.9861,,,,,152.0,153.9861,,,,
2015-03-24,172.0,159.88934,,,,,172.0,159.88934,,,,
2015-03-25,163.0,155.77759,,,,,163.0,155.77759,,,,
2015-03-26,134.0,140.4603,,,,,134.0,140.4603,,,,
2015-03-27,162.0,166.92493,,,,,162.0,166.92493,,,,
2015-03-28,132.0,131.67007,,,,,132.0,131.67007,,,,
2015-03-29,134.0,142.41896,,,,,134.0,142.41896,,,,
2015-03-30,141.0,154.38792,,,,,141.0,154.38792,,,,
2015-03-31,147.0,146.74725,,,,,147.0,146.74725,,,,
2015-04-01,149.0,153.07059,,,,,149.0,153.07059,,,,
2015-04-02,119.0,130.77066,,,,,119.0,130.77066,,,,
2015-04-03,139.0,152.11809,,,,,139.0,152.11809,,,,
2015-04-04,114.0,124.95301,,,,,114.0,124.95301,,,,
2015-04-05,80.0,95.7941,,,,,80.0,95.7941,,,,
2015-04-06,116.0,122.98441,,,,,116.0,122.98441,,,,
2015-04-07,177.0,155.56241,,,,,177.0,155.56241,,,,
2015-04-08,137.0,146.71231,,,,,137.0,146.71231,,,,
2015-04-09,150.0,131.98004,,,,,150.0,131.98004,,,,
2015-04-10,190.0,175.33434,,,,,190.0,175.33434,,,,
2015-04-11,132.0,133.6623,,,,,132.0,133.6623,,,,
2015-04-12,156.0,146.5008,,,,,156.0,146.5008,,,,
2015-04-13,145.0,144.0747,,,,,145.0,144.0747,,,,
2015-04-14,155.0,152.50687,,,,,155.0,152.50687,,,,
2015-04-15,150.0,151.59857,,,,,150.0,151.59857,,,,
2015-04-16,153.0,140.98878,,,,,153.0,140.98878,,,,
2015-04-17,179.0,171.13,,,,,179.0,171.13,,,,
2015-04-18,129.0,129.66936,,,,,129.0,129.66936,,,,
2015-04-19,163.0,145.92694,,,,,163.0,145.92694,,,,
2015-04-20,160.0,147.95526,,,,,160.0,147.95526,,,,
2015-04-21,153.0,158.70903,,,,,153.0,158.70903,,,,
2015-04-22,154.0,147.23865,,,,,154.0,147.23865,,,,
2015-04-23,132.0,136.88426,,,,,132.0,136.88426,,,,
2015-04-24,153.0,156.81116,,,,,153.0,156.81116,,,,
2015-04-25,147.0,133.48174,,,,,147.0,133.48174,,,,
2015-04-26,135.0,135.92032,,,,,135.0,135.92032,,,,
2015-04-27,169.0,148.79784,,,,,169.0,148.79784,,,,
2015-04-28,153.0,153.17079,,,,,153.0,153.17079,,,,
2015-04-29,148.0,148.14774,,,,,148.0,148.14774,,,,
2015-04-30,132.0,137.81903,,,,,132.0,137.81903,,,,
2015-05-01,155.0,152.49855,,,,,155.0,152.49855,,,,
2015-05-02,131.0,132.68765,,,,,131.0,132.68765,,,,
2015-05-03,129.0,129.55054,,,,,129.0,129.55054,,,,
2015-05-04,177.0,160.1849,,,,,177.0,160.1849,,,,
2015-05-05,122.0,144.33292,,,,,122.0,144.33292,,,,
2015-05-06,134.0,142.18176,,,,,134.0,142.18176,,,,
2015-05-07,126.0,137.81013,,,,,126.0,137.81013,,,,
2015-05-08,177.0,167.9719,,,,,177.0,167.9719,,,,
2015-05-09,143.0,133.81369,,,,,143.0,133.81369,,,,
2015-05-10,152.0,148.81252,,,,,152.0,148.81252,,,,
2015-05-11,188.0,162.6557,,,,,188.0,162.6557,,,,
2015-05-12,143.0,149.93488,,,,,143.0,149.93488,,,,
2015-05-13,160.0,154.14056,,,,,160.0,154.14056,,,,
2015-05-14,153.0,143.17195,,,,,153.0,143.17195,,,,
2015-05-15,160.0,160.04642,,,,,160.0,160.04642,,,,
2015-05-16,145.0,142.83298,,,,,145.0,142.83298,,,,
2015-05-17,157.0,146.04878,,,,,157.0,146.04878,,,,
2015-05-18,181.0,172.9934,,,,,181.0,172.9934,,,,
2015-05-19,135.0,143.48322,,,,,135.0,143.48322,,,,
2015-05-20,154.0,147.28485,,,,,154.0,147.28485,,,,
2015-05-21,140.0,136.79881,,,,,140.0,136.79881,,,,
2015-05-22,177.0,164.14975,,,,,177.0,164.14975,,,,
2015-05-23,120.0,133.175,,,,,120.0,133.175,,,,
2015-05-24,134.0,131.08963,,,,,134.0,131.08963,,,,
2015-05-25,145.0,154.07591,,,,,145.0,154.07591,,,,
2015-05-26,143.0,139.04324,,,,,143.0,139.04324,,,,
2015-05-27,116.0,136.45297,,,,,116.0,136.45297,,,,
2015-05-28,122.0,131.25902,,,,,122.0,131.25902,,,,
2015-05-29,161.0,159.1479,,,,,161.0,159.1479,,,,
2015-05-30,123.0,128.5573,,,,,123.0,128.5573,,,,
2015-05-31,135.0,135.80339,,,,,135.0,135.80339,,,,
2015-06-01,142.0,152.39119,,,,,142.0,152.39119,,,,
2015-06-02,150.0,140.09517,,,,,150.0,140.09517,,,,
2015-06-03,158.0,143.48338,,,,,158.0,143.48338,,,,
2015-06-04,133.0,130.0158,,,,,133.0,130.0158,,,,
2015-06-05,157.0,159.76926,,,,,157.0,159.76926,,,,
2015-06-06,125.0,138.35768,,,,,125.0,138.35768,,,,
2015-06-07,152.0,146.83374,,,,,152.0,146.83374,,,,
2015-06-08,178.0,165.32115,,,,,178.0,165.32115,,,,
2015-06-09,156.0,143.27405,,,,,156.0,143.27405,,,,
2015-06-10,159.0,152.15215,,,,,159.0,152.15215,,,,
2015-06-11,126.0,138.84714,,,,,126.0,138.84714,,,,
2015-06-12,158.0,160.92113,,,,,158.0,160.92113,,,,
2015-06-13,126.0,131.53296,,,,,126.0,131.53296,,,,
2015-06-14,146.0,145.3135,,,,,146.0,145.3135,,,,
2015-06-15,161.0,152.24141,,,,,161.0,152.24141,,,,
2015-06-16,147.0,149.96329,,,,,147.0,149.96329,,,,
2015-06-17,131.0,146.47894,,,,,131.0,146.47894,,,,
2015-06-18,130.0,132.62032,,,,,130.0,132.62032,,,,
2015-06-19,177.0,163.2762,,,,,177.0,163.2762,,,,
2015-06-20,136.0,124.28931,,,,,136.0,124.28931,,,,
2015-06-21,138.0,138.64323,,,,,138.0,138.64323,,,,
2015-06-22,145.0,146.63745,,,,,145.0,146.63745,,,,
2015-06-23,139.0,142.63443,,,,,139.0,142.63443,,,,
2015-06-24,123.0,132.99622,,,,,123.0,132.99622,,,,
2015-06-25,131.0,129.17805,,,,,131.0,129.17805,,,,
2015-06-26,180.0,158.41853,,,,,180.0,158.41853,,,,
2015-06-27,121.0,122.37758,,,,,121.0,122.37758,,,,
2015-06-28,156.0,145.33156,,,,,156.0,145.33156,,,,
2015-06-29,156.0,147.17754,,,,,156.0,147.17754,,,,
2015-06-30,140.0,143.01866,,,,,140.0,143.01866,,,,
2015-07-01,146.0,143.05768,,,,,146.0,143.05768,,,,
2015-07-02,125.0,126.38236,,,,,125.0,126.38236,,,,
2015-07-03,143.0,152.96306,,,,,143.0,152.96306,,,,
2015-07-04,115.0,117.48538,,,,,115.0,117.48538,,,,
2015-07-05,110.0,136.71935,,,,,110.0,136.71935,,,,
2015-07-06,173.0,154.05199,,,,,173.0,154.05199,,,,
2015-07-07,149.0,143.31914,,,,,149.0,143.31914,,,,
2015-07-08,137.0,136.48161,,,,,137.0,136.48161,,,,
2015-07-09,119.0,121.955986,,,,,119.0,121.955986,,,,
2015-07-10,171.0,159.96417,,,,,171.0,159.96417,,,,
2015-07-11,98.0,119.36995,,,,,98.0,119.36995,,,,
2015-07-12,142.0,137.9603,,,,,142.0,137.9603,,,,
2015-07-13,156.0,149.81917,,,,,156.0,149.81917,,,,
2015-07-14,147.0,138.94424,,,,,147.0,138.94424,,,,
2015-07-15,131.0,128.14404,,,,,131.0,128.14404,,,,
2015-07-16,121.0,124.563614,,,,,121.0,124.563614,,,,
2015-07-17,136.0,152.76422,,,,,136.0,152.76422,,,,
2015-07-18,128.0,126.2074,,,,,128.0,126.2074,,,,
2015-07-19,140.0,139.21716,,,,,140.0,139.21716,,,,
2015-07-20,170.0,153.20096,,,,,170.0,153.20096,,,,
2015-07-21,117.0,134.8708,,,,,117.0,134.8708,,,,
2015-07-22,127.0,131.1983,,,,,127.0,131.1983,,,,
2015-07-23,122.0,122.11494,,,,,122.0,122.11494,,,,
2015-07-24,148.0,153.7006,,,,,148.0,153.7006,,,,
2015-07-25,117.0,114.06971,,,,,117.0,114.06971,,,,
2015-07-26,139.0,136.52634,,,,,139.0,136.52634,,,,
2015-07-27,155.0,152.79214,,,,,155.0,152.79214,,,,
2015-07-28,129.0,137.47989,,,,,129.0,137.47989,,,,
2015-07-29,139.0,133.68816,,,,,139.0,133.68816,,,,
2015-07-30,127.0,120.0742,,,,,127.0,120.0742,,,,
2015-07-31,148.0,147.4411,,,,,148.0,147.4411,,,,
2015-08-01,127.0,118.2806,,,,,127.0,118.2806,,,,
2015-08-02,116.0,132.62495,,,,,116.0,132.62495,,,,
2015-08-03,145.0,152.63739,,,,,145.0,152.63739,,,,
2015-08-04,155.0,141.32916,,,,,155.0,141.32916,,,,
2015-08-05,119.0,136.57835,,,,,119.0,136.57835,,,,
2015-08-06,103.0,121.90572,,,,,103.0,121.90572,,,,
2015-08-07,143.0,148.87973,,,,,143.0,148.87973,,,,
2015-08-08,121.0,121.690125,,,,,121.0,121.690125,,,,
2015-08-09,136.0,135.88765,,,,,136.0,135.88765,,,,
2015-08-10,165.0,152.45445,,,,,165.0,152.45445,,,,
2015-08-11,150.0,138.65758,,,,,150.0,138.65758,,,,
2015-08-12,141.0,132.60696,,,,,141.0,132.60696,,,,
2015-08-13,123.0,120.27193,,,,,123.0,120.27193,,,,
2015-08-14,163.0,150.34758,,,,,163.0,150.34758,,,,
2015-08-15,117.0,119.48121,,,,,117.0,119.48121,,,,
2015-08-16,150.0,142.06357,,,,,150.0,142.06357,,,,
2015-08-17,136.0,149.09512,,,,,136.0,149.09512,,,,
2015-08-18,143.0,144.82445,,,,,143.0,144.82445,,,,
2015-08-19,152.0,139.19807,,,,,152.0,139.19807,,,,
2015-08-20,122.0,124.751305,,,,,122.0,124.751305,,,,
2015-08-21,163.0,152.3419,,,,,163.0,152.3419,,,,
2015-08-22,120.0,119.36733,,,,,120.0,119.36733,,,,
2015-08-23,155.0,137.5559,,,,,155.0,137.5559,,,,
2015-08-24,155.0,150.49892,,,,,155.0,150.49892,,,,
2015-08-25,123.0,129.8594,,,,,123.0,129.8594,,,,
2015-08-26,133.0,134.98517,,,,,133.0,134.98517,,,,
2015-08-27,141.0,122.37907,,,,,141.0,122.37907,,,,
2015-08-28,160.0,150.68765,,,,,160.0,150.68765,,,,
2015-08-29,112.0,117.19365,,,,,112.0,117.19365,,,,
2015-08-30,147.0,138.0154,,,,,147.0,138.0154,,,,
2015-08-31,153.0,148.71022,,,,,153.0,148.71022,,,,
2015-09-01,154.0,146.33328,,,,,154.0,146.33328,,,,
2015-09-02,139.0,131.28625,,,,,139.0,131.28625,,,,
2015-09-03,119.0,123.60623,,,,,119.0,123.60623,,,,
2015-09-04,167.0,157.38727,,,,,167.0,157.38727,,,,
2015-09-05,134.0,119.49344,,,,,134.0,119.49344,,,,
2015-09-06,148.0,145.25317,,,,,148.0,145.25317,,,,
2015-09-07,131.0,144.05406,,,,,131.0,144.05406,,,,
2015-09-08,121.0,133.90102,,,,,121.0,133.90102,,,,
2015-09-09,142.0,137.12914,,,,,142.0,137.12914,,,,
2015-09-10,139.0,122.94055,,,,,139.0,122.94055,,,,
2015-09-11,134.0,154.48769,,,,,134.0,154.48769,,,,
2015-09-12,102.0,119.1202,,,,,102.0,119.1202,,,,
2015-09-13,137.0,140.69376,,,,,137.0,140.69376,,,,
2015-09-14,154.0,142.45085,,,,,154.0,142.45085,,,,
2015-09-15,138.0,135.8972,,,,,138.0,135.8972,,,,
2015-09-16,157.0,137.56508,,,,,157.0,137.56508,,,,
2015-09-17,128.0,131.26144,,,,,128.0,131.26144,,,,
2015-09-18,152.0,151.47273,,,,,152.0,151.47273,,,,
2015-09-19,131.0,119.73067,,,,,131.0,119.73067,,,,
2015-09-20,139.0,145.6183,,,,,139.0,145.6183,,,,
2015-09-21,138.0,141.5039,,,,,138.0,141.5039,,,,
2015-09-22,146.0,138.18079,,,,,146.0,138.18079,,,,
2015-09-23,141.0,136.69994,,,,,141.0,136.69994,,,,
2015-09-24,118.0,127.34488,,,,,118.0,127.34488,,,,
2015-09-25,154.0,146.8937,,,,,154.0,146.8937,,,,
2015-09-26,120.0,117.414154,,,,,120.0,117.414154,,,,
2015-09-27,120.0,133.00888,,,,,120.0,133.00888,,,,
2015-09-28,163.0,144.374,,,,,163.0,144.374,,,,
2015-09-29,148.0,135.53535,,,,,148.0,135.53535,,,,
2015-09-30,132.0,137.35129,,,,,132.0,137.35129,,,,
2015-10-01,117.0,123.84828,,,,,117.0,123.84828,,,,
2015-10-02,160.0,151.12915,,,,,160.0,151.12915,,,,
2015-10-03,135.0,120.81357,,,,,135.0,120.81357,,,,
2015-10-04,119.0,129.47539,,,,,119.0,129.47539,,,,
2015-10-05,159.0,145.35062,,,,,159.0,145.35062,,,,
2015-10-06,152.0,142.99713,,,,,152.0,142.99713,,,,
2015-10-07,127.0,139.18158,,,,,127.0,139.18158,,,,
2015-10-08,130.0,128.11925,,,,,130.0,128.11925,,,,
2015-10-09,152.0,147.01697,,,,,152.0,147.01697,,,,
2015-10-10,103.0,118.64791,,,,,103.0,118.64791,,,,
2015-10-11,124.0,132.0862,,,,,124.0,132.0862,,,,
2015-10-12,159.0,149.81697,,,,,159.0,149.81697,,,,
2015-10-13,141.0,146.15344,,,,,141.0,146.15344,,,,
2015-10-14,130.0,131.74382,,,,,130.0,131.74382,,,,
2015-10-15,119.0,120.346504,,,,,119.0,120.346504,,,,
2015-10-16,133.0,152.96912,,,,,133.0,152.96912,,,,
2015-10-17,109.0,116.86284,,,,,109.0,116.86284,,,,
2015-10-18,125.0,123.45638,,,,,125.0,123.45638,,,,
2015-10-19,129.0,148.42587,,,,,129.0,148.42587,,,,
2015-10-20,156.0,139.39081,,,,,156.0,139.39081,,,,
2015-10-21,123.0,124.71229,,,,,123.0,124.71229,,,,
2015-10-22,111.0,120.48545,,,,,111.0,120.48545,,,,
2015-10-23,157.0,151.30824,,,,,157.0,151.30824,,,,
2015-10-24,112.0,118.77423,,,,,112.0,118.77423,,,,
2015-10-25,126.0,121.47012,,,,,126.0,121.47012,,,,
2015-10-26,126.0,138.89767,,,,,126.0,138.89767,,,,
2015-10-27,118.0,134.08981,,,,,118.0,134.08981,,,,
2015-10-28,106.0,119.70302,,,,,106.0,119.70302,,,,
2015-10-29,135.0,119.70031,,,,,135.0,119.70031,,,,
2015-10-30,125.0,140.95071,,,,,125.0,140.95071,,,,
2015-10-31,107.0,118.94977,,,,,107.0,118.94977,,,,
2015-11-01,116.0,112.84167,,,,,116.0,112.84167,,,,
2015-11-02,160.0,143.97348,,,,,160.0,143.97348,,,,
2015-11-03,137.0,143.2742,,,,,137.0,143.2742,,,,
2015-11-04,133.0,125.59476,,,,,133.0,125.59476,,,,
2015-11-05,127.0,125.65446,,,,,127.0,125.65446,,,,
2015-11-06,162.0,146.79878,,,,,162.0,146.79878,,,,
2015-11-07,112.0,116.047386,,,,,112.0,116.047386,,,,
2015-11-08,121.0,125.08671,,,,,121.0,125.08671,,,,
2015-11-09,141.0,139.31627,,,,,141.0,139.31627,,,,
2015-11-10,149.0,140.9285,,,,,149.0,140.9285,,,,
2015-11-11,125.0,122.02399,,,,,125.0,122.02399,,,,
2015-11-12,142.0,123.53839,,,,,142.0,123.53839,,,,
2015-11-13,167.0,146.3328,,,,,167.0,146.3328,,,,
2015-11-14,117.0,118.70809,,,,,117.0,118.70809,,,,
2015-11-15,117.0,121.90212,,,,,117.0,121.90212,,,,
2015-11-16,149.0,138.1514,,,,,149.0,138.1514,,,,
2015-11-17,147.0,140.20134,,,,,147.0,140.20134,,,,
2015-11-18,112.0,119.93099,,,,,112.0,119.93099,,,,
2015-11-19,133.0,129.56499,,,,,133.0,129.56499,,,,
2015-11-20,158.0,152.05768,,,,,158.0,152.05768,,,,
2015-11-21,123.0,119.161606,,,,,123.0,119.161606,,,,
2015-11-22,115.0,122.44346,,,,,115.0,122.44346,,,,
2015-11-23,152.0,146.73808,,,,,152.0,146.73808,,,,
2015-11-24,120.0,132.59024,,,,,120.0,132.59024,,,,
2015-11-25,118.0,118.327774,,,,,118.0,118.327774,,,,
2015-11-26,113.0,121.1032,,,,,113.0,121.1032,,,,
2015-11-27,130.0,138.93582,,,,,130.0,138.93582,,,,
2015-11-28,136.0,118.20236,,,,,136.0,118.20236,,,,
2015-11-29,123.0,120.35423,,,,,123.0,120.35423,,,,
2015-11-30,142.0,144.77972,,,,,142.0,144.77972,,,,
2015-12-01,141.0,138.32169,,,,,141.0,138.32169,,,,
2015-12-02,124.0,122.68167,,,,,124.0,122.68167,,,,
2015-12-03,116.0,125.19832,,,,,116.0,125.19832,,,,
2015-12-04,139.0,150.93988,,,,,139.0,150.93988,,,,
2015-12-05,118.0,123.14127,,,,,118.0,123.14127,,,,
2015-12-06,128.0,123.534805,,,,,128.0,123.534805,,,,
2015-12-07,139.0,141.97115,,,,,139.0,141.97115,,,,
2015-12-08,114.0,133.13608,,,,,114.0,133.13608,,,,
2015-12-09,129.0,124.205795,,,,,129.0,124.205795,,,,
2015-12-10,117.0,125.88073,,,,,117.0,125.88073,,,,
2015-12-11,151.0,145.96672,,,,,151.0,145.96672,,,,
2015-12-12,132.0,119.53216,,,,,132.0,119.53216,,,,
2015-12-13,126.0,121.59964,,,,,126.0,121.59964,,,,
2015-12-14,149.0,139.09137,,,,,149.0,139.09137,,,,
2015-12-15,128.0,128.27493,,,,,128.0,128.27493,,,,
2015-12-16,132.0,126.957985,,,,,132.0,126.957985,,,,
2015-12-17,105.0,117.158005,,,,,105.0,117.158005,,,,
2015-12-18,162.0,141.49867,,,,,162.0,141.49867,,,,
2015-12-19,128.0,123.97583,,,,,128.0,123.97583,,,,
2015-12-20,143.0,125.086075,,,,,143.0,125.086075,,,,
2015-12-21,127.0,135.82976,,,,,127.0,135.82976,,,,
2015-12-22,128.0,126.5391,,,,,128.0,126.5391,,,,
2015-12-23,98.0,113.14388,,,,,98.0,113.14388,,,,
2015-12-24,77.0,98.00132,,,,,77.0,98.00132,,,,
2015-12-25,123.0,119.17499,,,,,123.0,119.17499,,,,
2015-12-26,107.0,110.689514,,,,,107.0,110.689514,,,,
2015-12-27,119.0,120.580055,,,,,119.0,120.580055,,,,
2015-12-28,160.0,138.1481,,,,,160.0,138.1481,,,,
2015-12-29,131.0,126.88362,,,,,131.0,126.88362,,,,
2015-12-30,129.0,123.119286,,,,,129.0,123.119286,,,,
2015-12-31,77.0,98.80186,,,,,77.0,98.80186,,,,
2016-01-01,140.0,139.66719,,,,,140.0,139.66719,,,,
2016-01-02,130.0,123.11716,,,,,130.0,123.11716,,,,
2016-01-03,116.0,121.33933,,,,,116.0,121.33933,,,,
2016-01-04,116.0,131.23163,,,,,116.0,131.23163,,,,
2016-01-05,148.0,136.03372,,,,,148.0,136.03372,,,,
2016-01-06,129.0,126.4098,,,,,129.0,126.4098,,,,
2016-01-07,106.0,119.63557,,,,,106.0,119.63557,,,,
2016-01-08,153.0,148.04752,,,,,153.0,148.04752,,,,
2016-01-09,135.0,128.0012,,,,,135.0,128.0012,,,,
2016-01-10,138.0,132.85526,,,,,138.0,132.85526,,,,
2016-01-11,136.0,138.92247,,,,,136.0,138.92247,,,,
2016-01-12,130.0,136.23553,,,,,130.0,136.23553,,,,
2016-01-13,112.0,126.83059,,,,,112.0,126.83059,,,,
2016-01-14,130.0,123.50036,,,,,130.0,123.50036,,,,
2016-01-15,155.0,150.23174,,,,,155.0,150.23174,,,,
2016-01-16,112.0,122.436005,,,,,112.0,122.436005,,,,
2016-01-17,139.0,129.21684,,,,,139.0,129.21684,,,,
2016-01-18,117.0,127.57386,,,,,117.0,127.57386,,,,
2016-01-19,89.0,115.15132,,,,,89.0,115.15132,,,,
2016-01-20,120.0,116.81841,,,,,120.0,116.81841,,,,
2016-01-21,145.0,127.32018,,,,,145.0,127.32018,,,,
2016-01-22,151.0,143.44382,,,,,151.0,143.44382,,,,
2016-01-23,112.0,118.417206,,,,,112.0,118.417206,,,,
2016-01-24,120.0,126.15195,,,,,120.0,126.15195,,,,
2016-01-25,143.0,138.01396,,,,,143.0,138.01396,,,,
2016-01-26,159.0,138.92395,,,,,159.0,138.92395,,,,
2016-01-27,114.0,124.52895,,,,,114.0,124.52895,,,,
2016-01-28,127.0,127.10626,,,,,127.0,127.10626,,,,
2016-01-29,156.0,155.95808,,,,,156.0,155.95808,,,,
2016-01-30,134.0,124.07218,,,,,134.0,124.07218,,,,
2016-01-31,139.0,129.89229,,,,,139.0,129.89229,,,,
2016-02-01,144.0,137.52454,,,,,144.0,137.52454,,,,
2016-02-02,119.0,131.5326,,,,,119.0,131.5326,,,,
2016-02-03,134.0,126.35335,,,,,134.0,126.35335,,,,
2016-02-04,143.0,129.69377,,,,,143.0,129.69377,,,,
2016-02-05,168.0,160.7327,,,,,168.0,160.7327,,,,
2016-02-06,134.0,129.09943,,,,,134.0,129.09943,,,,
2016-02-07,164.0,142.03008,,,,,164.0,142.03008,,,,
2016-02-08,140.0,139.20876,,,,,140.0,139.20876,,,,
2016-02-09,131.0,134.71873,,,,,131.0,134.71873,,,,
2016-02-10,138.0,126.63383,,,,,138.0,126.63383,,,,
2016-02-11,142.0,132.28485,,,,,142.0,132.28485,,,,
2016-02-12,164.0,159.9581,,,,,164.0,159.9581,,,,
2016-02-13,129.0,125.88538,,,,,129.0,125.88538,,,,
2016-02-14,162.0,140.76378,,,,,162.0,140.76378,,,,
2016-02-15,164.0,145.41536,,,,,164.0,145.41536,,,,
2016-02-16,127.0,134.52042,,,,,127.0,134.52042,,,,
2016-02-17,95.0,123.23736,,,,,95.0,123.23736,,,,
2016-02-18,120.0,131.39833,,,,,120.0,131.39833,,,,
2016-02-19,180.0,167.63364,,,,,180.0,167.63364,,,,
2016-02-20,117.0,123.305695,,,,,117.0,123.305695,,,,
2016-02-21,117.0,131.08543,,,,,117.0,131.08543,,,,
2016-02-22,140.0,141.57333,,,,,140.0,141.57333,,,,
2016-02-23,142.0,137.3225,,,,,142.0,137.3225,,,,
2016-02-24,127.0,127.44045,,,,,127.0,127.44045,,,,
2016-02-25,123.0,130.41295,,,,,123.0,130.41295,,,,
2016-02-26,163.0,159.40309,,,,,163.0,159.40309,,,,
2016-02-27,112.0,122.299225,,,,,112.0,122.299225,,,,
2016-02-28,127.0,139.18796,,,,,127.0,139.18796,,,,
2016-02-29,131.0,139.0072,,,,,131.0,139.0072,,,,
2016-03-01,128.0,132.73056,,,,,128.0,132.73056,,,,
2016-03-02,115.0,125.10674,,,,,115.0,125.10674,,,,
2016-03-03,129.0,130.83829,,,,,129.0,130.83829,,,,
2016-03-04,177.0,168.85701,,,,,177.0,168.85701,,,,
2016-03-05,116.0,123.03647,,,,,116.0,123.03647,,,,
2016-03-06,139.0,138.2033,,,,,139.0,138.2033,,,,
2016-03-07,141.0,141.23798,,,,,141.0,141.23798,,,,
2016-03-08,163.0,135.17578,,,,,163.0,135.17578,,,,
2016-03-09,122.0,127.5743,,,,,122.0,127.5743,,,,
2016-03-10,133.0,128.81433,,,,,133.0,128.81433,,,,
2016-03-11,139.0,157.57944,,,,,139.0,157.57944,,,,
2016-03-12,131.0,122.44083,,,,,131.0,122.44083,,,,
2016-03-13,137.0,139.6259,,,,,137.0,139.6259,,,,
2016-03-14,154.0,140.65062,,,,,154.0,140.65062,,,,
2016-03-15,126.0,138.4838,,,,,126.0,138.4838,,,,
2016-03-16,132.0,126.180954,,,,,132.0,126.180954,,,,
2016-03-17,140.0,130.13715,,,,,140.0,130.13715,,,,
2016-03-18,181.0,165.99738,,,,,181.0,165.99738,,,,
2016-03-19,129.0,122.32977,,,,,129.0,122.32977,,,,
2016-03-20,142.0,133.07225,,,,,142.0,133.07225,,,,
2016-03-21,155.0,139.33629,,,,,155.0,139.33629,,,,
2016-03-22,145.0,141.85513,,,,,145.0,141.85513,,,,
2016-03-23,142.0,131.50856,,,,,142.0,131.50856,,,,
2016-03-24,121.0,127.275,,,,,121.0,127.275,,,,
2016-03-25,142.0,146.71756,,,,,142.0,146.71756,,,,
2016-03-26,119.0,119.1999,,,,,119.0,119.1999,,,,
2016-03-27,89.0,105.35113,,,,,89.0,105.35113,,,,
2016-03-28,118.0,117.289604,,,,,118.0,117.289604,,,,
2016-03-29,156.0,140.23329,,,,,156.0,140.23329,,,,
2016-03-30,154.0,132.06053,,,,,154.0,132.06053,,,,
2016-03-31,135.0,126.87379,,,,,135.0,126.87379,,,,
2016-04-01,202.0,170.1603,,,,,202.0,170.1603,,,,
2016-04-02,140.0,129.84218,,,,,140.0,129.84218,,,,
2016-04-03,137.0,139.67245,,,,,137.0,139.67245,,,,
2016-04-04,151.0,150.00111,,,,,151.0,150.00111,,,,
2016-04-05,163.0,146.74133,,,,,163.0,146.74133,,,,
2016-04-06,150.0,142.67625,,,,,150.0,142.67625,,,,
2016-04-07,125.0,131.93811,,,,,125.0,131.93811,,,,
2016-04-08,165.0,159.68727,,,,,165.0,159.68727,,,,
2016-04-09,116.0,127.504425,,,,,116.0,127.504425,,,,
2016-04-10,156.0,136.05626,,,,,156.0,136.05626,,,,
2016-04-11,138.0,145.37404,,,,,138.0,145.37404,,,,
2016-04-12,151.0,147.83282,,,,,151.0,147.83282,,,,
2016-04-13,130.0,140.81032,,,,,130.0,140.81032,,,,
2016-04-14,126.0,130.57144,,,,,126.0,130.57144,,,,
2016-04-15,150.0,157.49652,,,,,150.0,157.49652,,,,
2016-04-16,123.0,124.2101,,,,,123.0,124.2101,,,,
2016-04-17,107.0,129.76343,,,,,107.0,129.76343,,,,
2016-04-18,140.0,146.3949,,,,,140.0,146.3949,,,,
2016-04-19,128.0,144.392,,,,,128.0,144.392,,,,
2016-04-20,129.0,138.79277,,,,,129.0,138.79277,,,,
2016-04-21,117.0,127.22057,,,,,117.0,127.22057,,,,
2016-04-22,162.0,156.59224,,,,,162.0,156.59224,,,,
2016-04-23,125.0,126.69143,,,,,125.0,126.69143,,,,
2016-04-24,101.0,118.71485,,,,,101.0,118.71485,,,,
2016-04-25,135.0,138.89604,,,,,135.0,138.89604,,,,
2016-04-26,180.0,157.5852,,,,,180.0,157.5852,,,,
2016-04-27,129.0,135.69957,,,,,129.0,135.69957,,,,
2016-04-28,127.0,128.12016,,,,,127.0,128.12016,,,,
2016-04-29,162.0,165.05707,,,,,162.0,165.05707,,,,
2016-04-30,110.0,126.61775,,,,,110.0,126.61775,,,,
2016-05-01,144.0,138.36394,,,,,144.0,138.36394,,,,
2016-05-02,104.0,137.19545,,,,,104.0,137.19545,,,,
2016-05-03,117.0,120.43356,,,,,117.0,120.43356,,,,
2016-05-04,140.0,136.30667,,,,,140.0,136.30667,,,,
2016-05-05,148.0,130.98492,,,,,148.0,130.98492,,,,
2016-05-06,155.0,156.46754,,,,,155.0,156.46754,,,,
2016-05-07,124.0,125.61199,,,,,124.0,125.61199,,,,
2016-05-08,131.0,139.71158,,,,,131.0,139.71158,,,,
2016-05-09,162.0,141.40013,,,,,162.0,141.40013,,,,
2016-05-10,167.0,155.19618,,,,,167.0,155.19618,,,,
2016-05-11,126.0,130.99625,,,,,126.0,130.99625,,,,
2016-05-12,131.0,131.92903,,,,,131.0,131.92903,,,,
2016-05-13,155.0,156.27678,,,,,155.0,156.27678,,,,
2016-05-14,116.0,121.37916,,,,,116.0,121.37916,,,,
2016-05-15,131.0,126.88052,,,,,131.0,126.88052,,,,
2016-05-16,147.0,140.64111,,,,,147.0,140.64111,,,,
2016-05-17,180.0,152.50012,,,,,180.0,152.50012,,,,
2016-05-18,120.0,128.3377,,,,,120.0,128.3377,,,,
2016-05-19,141.0,134.68225,,,,,141.0,134.68225,,,,
2016-05-20,147.0,155.66634,,,,,147.0,155.66634,,,,
2016-05-21,117.0,122.38693,,,,,117.0,122.38693,,,,
2016-05-22,137.0,135.1526,,,,,137.0,135.1526,,,,
2016-05-23,177.0,152.10521,,,,,177.0,152.10521,,,,
2016-05-24,118.0,139.91217,,,,,118.0,139.91217,,,,
2016-05-25,135.0,130.46773,,,,,135.0,130.46773,,,,
2016-05-26,96.0,108.19885,,,,,96.0,108.19885,,,,
2016-05-27,166.0,153.56456,,,,,166.0,153.56456,,,,
2016-05-28,100.0,118.12631,,,,,100.0,118.12631,,,,
2016-05-29,137.0,138.02812,,,,,137.0,138.02812,,,,
2016-05-30,160.0,148.91118,,,,,160.0,148.91118,,,,
2016-05-31,130.0,137.69017,,,,,130.0,137.69017,,,,
2016-06-01,130.0,127.5673,,,,,130.0,127.5673,,,,
2016-06-02,128.0,133.22206,,,,,128.0,133.22206,,,,
2016-06-03,161.0,156.05573,,,,,161.0,156.05573,,,,
2016-06-04,129.0,123.72569,,,,,129.0,123.72569,,,,
2016-06-05,158.0,140.14792,,,,,158.0,140.14792,,,,
2016-06-06,155.0,154.7468,,,,,155.0,154.7468,,,,
2016-06-07,149.0,148.55919,,,,,149.0,148.55919,,,,
2016-06-08,127.0,130.05331,,,,,127.0,130.05331,,,,
2016-06-09,157.0,137.02655,,,,,157.0,137.02655,,,,
2016-06-10,158.0,158.95392,,,,,158.0,158.95392,,,,
2016-06-11,127.0,126.26258,,,,,127.0,126.26258,,,,
2016-06-12,153.0,141.6868,,,,,153.0,141.6868,,,,
2016-06-13,156.0,155.32896,,,,,156.0,155.32896,,,,
2016-06-14,139.0,139.78282,,,,,139.0,139.78282,,,,
2016-06-15,141.0,132.46255,,,,,141.0,132.46255,,,,
2016-06-16,119.0,134.19,,,,,119.0,134.19,,,,
2016-06-17,156.0,156.93564,,,,,156.0,156.93564,,,,
2016-06-18,124.0,125.125374,,,,,124.0,125.125374,,,,
2016-06-19,143.0,143.8438,,,,,143.0,143.8438,,,,
2016-06-20,145.0,147.22522,,,,,145.0,147.22522,,,,
2016-06-21,161.0,141.24028,,,,,161.0,141.24028,,,,
2016-06-22,145.0,138.08856,,,,,145.0,138.08856,,,,
2016-06-23,156.0,130.377,,,,,156.0,130.377,,,,
2016-06-24,164.0,159.76917,,,,,164.0,159.76917,,,,
2016-06-25,102.0,115.07366,,,,,102.0,115.07366,,,,
2016-06-26,138.0,144.51096,,,,,138.0,144.51096,,,,
2016-06-27,127.0,149.32559,,,,,127.0,149.32559,,,,
2016-06-28,159.0,144.11137,,,,,159.0,144.11137,,,,
2016-06-29,139.0,131.34311,,,,,139.0,131.34311,,,,
2016-06-30,110.0,134.1125,,,,,110.0,134.1125,,,,
2016-07-01,179.0,158.69777,,,,,179.0,158.69777,,,,
2016-07-02,135.0,122.657974,,,,,135.0,122.657974,,,,
2016-07-03,154.0,141.38469,,,,,154.0,141.38469,,,,
2016-07-04,139.0,143.06122,,,,,139.0,143.06122,,,,
2016-07-05,135.0,142.65485,,,,,135.0,142.65485,,,,
2016-07-06,125.0,127.81996,,,,,125.0,127.81996,,,,
2016-07-07,102.0,128.82617,,,,,102.0,128.82617,,,,
2016-07-08,133.0,151.90883,,,,,133.0,151.90883,,,,
2016-07-09,110.0,117.53313,,,,,110.0,117.53313,,,,
2016-07-10,133.0,137.2836,,,,,133.0,137.2836,,,,
2016-07-11,123.0,135.28452,,,,,123.0,135.28452,,,,
2016-07-12,141.0,139.83568,,,,,141.0,139.83568,,,,
2016-07-13,133.0,129.21123,,,,,133.0,129.21123,,,,
2016-07-14,127.0,124.8801,,,,,127.0,124.8801,,,,
2016-07-15,155.0,151.75012,,,,,155.0,151.75012,,,,
2016-07-16,114.0,112.13157,,,,,114.0,112.13157,,,,
2016-07-17,104.0,131.14188,,,,,104.0,131.14188,,,,
2016-07-18,148.0,129.53487,,,,,148.0,129.53487,,,,
2016-07-19,123.0,138.54414,,,,,123.0,138.54414,,,,
2016-07-20,109.0,127.57472,,,,,109.0,127.57472,,,,
2016-07-21,117.0,125.934586,,,,,117.0,125.934586,,,,
2016-07-22,135.0,143.41795,,,,,135.0,143.41795,,,,
2016-07-23,108.0,109.827065,,,,,108.0,109.827065,,,,
2016-07-24,137.0,137.88075,,,,,137.0,137.88075,,,,
2016-07-25,158.0,139.2994,,,,,158.0,139.2994,,,,
2016-07-26,120.0,134.93735,,,,,120.0,134.93735,,,,
2016-07-27,109.0,120.03167,,,,,109.0,120.03167,,,,
2016-07-28,141.0,117.46987,,,,,141.0,117.46987,,,,
2016-07-29,155.0,150.03886,,,,,155.0,150.03886,,,,
2016-07-30,128.0,122.60393,,,,,128.0,122.60393,,,,
2016-07-31,134.0,133.06383,,,,,134.0,133.06383,,,,
2016-08-01,160.0,140.58746,,,,,160.0,140.58746,,,,
2016-08-02,135.0,136.14201,,,,,135.0,136.14201,,,,
2016-08-03,122.0,121.8996,,,,,122.0,121.8996,,,,
2016-08-04,124.0,124.34536,,,,,124.0,124.34536,,,,
2016-08-05,149.0,148.0738,,,,,149.0,148.0738,,,,
2016-08-06,115.0,115.53985,,,,,115.0,115.53985,,,,
2016-08-07,117.0,127.39449,,,,,117.0,127.39449,,,,
2016-08-08,144.0,146.78883,,,,,144.0,146.78883,,,,
2016-08-09,137.0,129.3878,,,,,137.0,129.3878,,,,
2016-08-10,123.0,120.18859,,,,,123.0,120.18859,,,,
2016-08-11,104.0,119.6055,,,,,104.0,119.6055,,,,
2016-08-12,161.0,151.4236,,,,,161.0,151.4236,,,,
2016-08-13,100.0,113.565254,,,,,100.0,113.565254,,,,
2016-08-14,125.0,124.10016,,,,,125.0,124.10016,,,,
2016-08-15,116.0,122.03564,,,,,116.0,122.03564,,,,
2016-08-16,147.0,129.26009,,,,,147.0,129.26009,,,,
2016-08-17,135.0,121.32954,,,,,135.0,121.32954,,,,
2016-08-18,135.0,124.430664,,,,,135.0,124.430664,,,,
2016-08-19,156.0,154.16162,,,,,156.0,154.16162,,,,
2016-08-20,112.0,113.53794,,,,,112.0,113.53794,,,,
2016-08-21,128.0,126.79643,,,,,128.0,126.79643,,,,
2016-08-22,147.0,142.72617,,,,,147.0,142.72617,,,,
2016-08-23,147.0,137.77103,,,,,147.0,137.77103,,,,
2016-08-24,132.0,125.8408,,,,,132.0,125.8408,,,,
2016-08-25,145.0,132.4524,,,,,145.0,132.4524,,,,
2016-08-26,160.0,156.0568,,,,,160.0,156.0568,,,,
2016-08-27,113.0,115.650696,,,,,113.0,115.650696,,,,
2016-08-28,119.0,125.16613,,,,,119.0,125.16613,,,,
2016-08-29,151.0,142.7096,,,,,151.0,142.7096,,,,
2016-08-30,135.0,138.62538,,,,,135.0,138.62538,,,,
2016-08-31,129.0,125.54456,,,,,129.0,125.54456,,,,
2016-09-01,116.0,128.5726,,,,,116.0,128.5726,,,,
2016-09-02,161.0,155.84598,,,,,161.0,155.84598,,,,
2016-09-03,111.0,116.74736,,,,,111.0,116.74736,,,,
2016-09-04,130.0,126.73826,,,,,130.0,126.73826,,,,
2016-09-05,126.0,135.46098,,,,,126.0,135.46098,,,,
2016-09-06,140.0,141.67027,,,,,140.0,141.67027,,,,
2016-09-07,145.0,128.49716,,,,,145.0,128.49716,,,,
2016-09-08,137.0,125.56955,,,,,137.0,125.56955,,,,
2016-09-09,164.0,157.8998,,,,,164.0,157.8998,,,,
2016-09-10,116.0,117.022575,,,,,116.0,117.022575,,,,
2016-09-11,160.0,133.72261,,,,,160.0,133.72261,,,,
2016-09-12,138.0,138.21245,,,,,138.0,138.21245,,,,
2016-09-13,146.0,142.69237,,,,,146.0,142.69237,,,,
2016-09-14,146.0,132.4944,,,,,146.0,132.4944,,,,
2016-09-15,122.0,137.06255,,,,,122.0,137.06255,,,,
2016-09-16,155.0,156.69022,,,,,155.0,156.69022,,,,
2016-09-17,86.0,111.092285,,,,,86.0,111.092285,,,,
2016-09-18,129.0,127.85183,,,,,129.0,127.85183,,,,
2016-09-19,125.0,138.73634,,,,,125.0,138.73634,,,,
2016-09-20,151.0,137.58519,,,,,151.0,137.58519,,,,
2016-09-21,125.0,130.56076,,,,,125.0,130.56076,,,,
2016-09-22,110.0,123.578896,,,,,110.0,123.578896,,,,
2016-09-23,156.0,155.59032,,,,,156.0,155.59032,,,,
2016-09-24,113.0,113.73999,,,,,113.0,113.73999,,,,
2016-09-25,122.0,123.25704,,,,,122.0,123.25704,,,,
2016-09-26,126.0,132.02957,,,,,126.0,132.02957,,,,
2016-09-27,145.0,140.59999,,,,,145.0,140.59999,,,,
2016-09-28,128.0,126.779335,,,,,128.0,126.779335,,,,
2016-09-29,129.0,121.09551,,,,,129.0,121.09551,,,,
2016-09-30,156.0,155.2425,,,,,156.0,155.2425,,,,
2016-10-01,106.0,112.34156,,,,,106.0,112.34156,,,,
2016-10-02,111.0,128.79137,,,,,111.0,128.79137,,,,
2016-10-03,122.0,124.6328,,,,,122.0,124.6328,,,,
2016-10-04,134.0,139.20636,,,,,134.0,139.20636,,,,
2016-10-05,123.0,123.579414,,,,,123.0,123.579414,,,,
2016-10-06,102.0,117.57573,,,,,102.0,117.57573,,,,
2016-10-07,151.0,151.79286,,,,,151.0,151.79286,,,,
2016-10-08,120.0,115.11353,,,,,120.0,115.11353,,,,
2016-10-09,120.0,132.15193,,,,,120.0,132.15193,,,,
2016-10-10,133.0,124.418335,,,,,133.0,124.418335,,,,
2016-10-11,101.0,130.96466,,,,,101.0,130.96466,,,,
2016-10-12,119.0,123.18223,,,,,119.0,123.18223,,,,
2016-10-13,99.0,115.399605,,,,,99.0,115.399605,,,,
2016-10-14,149.0,152.40056,,,,,149.0,152.40056,,,,
2016-10-15,119.0,113.48454,,,,,119.0,113.48454,,,,
2016-10-16,114.0,120.176506,,,,,114.0,120.176506,,,,
2016-10-17,116.0,126.14679,,,,,116.0,126.14679,,,,
2016-10-18,141.0,133.84706,,,,,141.0,133.84706,,,,
2016-10-19,131.0,119.31322,,,,,131.0,119.31322,,,,
2016-10-20,127.0,117.06238,,,,,127.0,117.06238,,,,
2016-10-21,156.0,151.97806,,,,,156.0,151.97806,,,,
2016-10-22,116.0,115.59357,,,,,116.0,115.59357,,,,
2016-10-23,142.0,123.54532,,,,,142.0,123.54532,,,,
2016-10-24,121.0,125.840195,,,,,121.0,125.840195,,,,
2016-10-25,100.0,127.17134,,,,,100.0,127.17134,,,,
2016-10-26,115.0,121.7765,,,,,115.0,121.7765,,,,
2016-10-27,110.0,117.66596,,,,,110.0,117.66596,,,,
2016-10-28,176.0,154.76538,,,,,176.0,154.76538,,,,
2016-10-29,112.0,113.74456,,,,,112.0,113.74456,,,,
2016-10-30,106.0,122.04788,,,,,106.0,122.04788,,,,
2016-10-31,117.0,126.59492,,,,,117.0,126.59492,,,,
2016-11-01,91.0,101.46624,,,,,91.0,101.46624,,,,
2016-11-02,121.0,117.73559,,,,,121.0,117.73559,,,,
2016-11-03,110.0,112.93154,,,,,110.0,112.93154,,,,
2016-11-04,179.0,157.92128,,,,,179.0,157.92128,,,,
2016-11-05,98.0,116.5655,,,,,98.0,116.5655,,,,
2016-11-06,122.0,122.32429,,,,,122.0,122.32429,,,,
2016-11-07,121.0,127.40022,,,,,121.0,127.40022,,,,
2016-11-08,151.0,130.70024,,,,,151.0,130.70024,,,,
2016-11-09,107.0,120.84279,,,,,107.0,120.84279,,,,
2016-11-10,124.0,117.13433,,,,,124.0,117.13433,,,,
2016-11-11,150.0,147.65146,,,,,150.0,147.65146,,,,
2016-11-12,110.0,114.48528,,,,,110.0,114.48528,,,,
2016-11-13,119.0,125.75264,,,,,119.0,125.75264,,,,
2016-11-14,140.0,129.43387,,,,,140.0,129.43387,,,,
2016-11-15,128.0,130.24869,,,,,128.0,130.24869,,,,
2016-11-16,125.0,121.88063,,,,,125.0,121.88063,,,,
2016-11-17,108.0,114.70497,,,,,108.0,114.70497,,,,
2016-11-18,173.0,159.2752,,,,,173.0,159.2752,,,,
2016-11-19,130.0,116.52486,,,,,130.0,116.52486,,,,
2016-11-20,151.0,135.86441,,,,,151.0,135.86441,,,,
2016-11-21,135.0,134.56961,,,,,135.0,134.56961,,,,
2016-11-22,122.0,125.22166,,,,,122.0,125.22166,,,,
2016-11-23,119.0,124.00047,,,,,119.0,124.00047,,,,
2016-11-24,147.0,120.72278,,,,,147.0,120.72278,,,,
2016-11-25,159.0,159.79631,,,,,159.0,159.79631,,,,
2016-11-26,129.0,121.71734,,,,,129.0,121.71734,,,,
2016-11-27,109.0,126.47939,,,,,109.0,126.47939,,,,
2016-11-28,136.0,130.5395,,,,,136.0,130.5395,,,,
2016-11-29,144.0,134.41277,,,,,144.0,134.41277,,,,
2016-11-30,142.0,126.34489,,,,,142.0,126.34489,,,,
2016-12-01,122.0,123.79667,,,,,122.0,123.79667,,,,
2016-12-02,140.0,155.1156,,,,,140.0,155.1156,,,,
2016-12-03,119.0,118.06941,,,,,119.0,118.06941,,,,
2016-12-04,107.0,125.449135,,,,,107.0,125.449135,,,,
2016-12-05,116.0,128.16031,,,,,116.0,128.16031,,,,
2016-12-06,145.0,137.41298,,,,,145.0,137.41298,,,,
2016-12-07,109.0,122.3916,,,,,109.0,122.3916,,,,
2016-12-08,119.0,121.64365,,,,,119.0,121.64365,,,,
2016-12-09,158.0,150.4197,,,,,158.0,150.4197,,,,
2016-12-10,124.0,117.8276,,,,,124.0,117.8276,,,,
2016-12-11,155.0,132.98006,,,,,155.0,132.98006,,,,
2016-12-12,125.0,126.93074,,,,,125.0,126.93074,,,,
2016-12-13,102.0,121.473274,,,,,102.0,121.473274,,,,
2016-12-14,122.0,118.28262,,,,,122.0,118.28262,,,,
2016-12-15,103.0,120.64391,,,,,103.0,120.64391,,,,
2016-12-16,151.0,146.48145,,,,,151.0,146.48145,,,,
2016-12-17,121.0,116.49401,,,,,121.0,116.49401,,,,
2016-12-18,143.0,137.29048,,,,,143.0,137.29048,,,,
2016-12-19,121.0,124.45714,,,,,121.0,124.45714,,,,
2016-12-20,111.0,124.76775,,,,,111.0,124.76775,,,,
2016-12-21,128.0,124.3652,,,,,128.0,124.3652,,,,
2016-12-22,101.0,112.90233,,,,,101.0,112.90233,,,,
2016-12-23,127.0,139.52461,,,,,127.0,139.52461,,,,
2016-12-24,80.0,104.73266,,,,,80.0,104.73266,,,,
2016-12-25,109.0,108.837456,,,,,109.0,108.837456,,,,
2016-12-26,111.0,107.260124,,,,,111.0,107.260124,,,,
2016-12-27,127.0,126.40976,,,,,127.0,126.40976,,,,
2016-12-28,146.0,129.947,,,,,146.0,129.947,,,,
2016-12-29,119.0,113.434006,,,,,119.0,113.434006,,,,
2016-12-30,158.0,145.33435,,,,,158.0,145.33435,,,,
2016-12-31,115.0,110.657814,,,,,115.0,110.657814,,,,
2017-01-01,151.0,143.0379,,,,,151.0,143.0379,,,,
2017-01-02,153.0,134.0865,,,,,153.0,134.0865,,,,
2017-01-03,131.0,130.46365,,,,,131.0,130.46365,,,,
2017-01-04,127.0,127.302666,,,,,127.0,127.302666,,,,
2017-01-05,100.0,109.08159,,,,,100.0,109.08159,,,,
2017-01-06,141.0,137.19728,,,,,141.0,137.19728,,,,
2017-01-07,114.0,118.17296,,,,,114.0,118.17296,,,,
2017-01-08,119.0,131.89503,,,,,119.0,131.89503,,,,
2017-01-09,135.0,129.57884,,,,,135.0,129.57884,,,,
2017-01-10,112.0,119.053375,,,,,112.0,119.053375,,,,
2017-01-11,108.0,119.90954,,,,,108.0,119.90954,,,,
2017-01-12,118.0,116.9353,,,,,118.0,116.9353,,,,
2017-01-13,172.0,158.53534,,,,,172.0,158.53534,,,,
2017-01-14,120.0,120.90068,,,,,120.0,120.90068,,,,
2017-01-15,119.0,134.06776,,,,,119.0,134.06776,,,,
2017-01-16,169.0,138.4606,,,,,169.0,138.4606,,,,
2017-01-17,133.0,126.830986,,,,,133.0,126.830986,,,,
2017-01-18,108.0,122.95328,,,,,108.0,122.95328,,,,
2017-01-19,121.0,121.7274,,,,,121.0,121.7274,,,,
2017-01-20,161.0,150.40813,,,,,161.0,150.40813,,,,
2017-01-21,131.0,122.06879,,,,,131.0,122.06879,,,,
2017-01-22,101.0,125.172485,,,,,101.0,125.172485,,,,
2017-01-23,137.0,142.56078,,,,,137.0,142.56078,,,,
2017-01-24,137.0,135.33012,,,,,137.0,135.33012,,,,
2017-01-25,126.0,130.53127,,,,,126.0,130.53127,,,,
2017-01-26,133.0,126.33952,,,,,133.0,126.33952,,,,
2017-01-27,152.0,154.0974,,,,,152.0,154.0974,,,,
2017-01-28,141.0,125.79588,,,,,141.0,125.79588,,,,
2017-01-29,161.0,139.89262,,,,,161.0,139.89262,,,,
2017-01-30,145.0,151.02495,,,,,145.0,151.02495,,,,
2017-01-31,156.0,134.11418,,,,,156.0,134.11418,,,,
2017-02-01,151.0,130.80025,,,,,151.0,130.80025,,,,
2017-02-02,124.0,126.34503,,,,,124.0,126.34503,,,,
2017-02-03,161.0,160.96922,,,,,161.0,160.96922,,,,
2017-02-04,136.0,127.95787,,,,,136.0,127.95787,,,,
2017-02-05,129.0,128.6391,,,,,129.0,128.6391,,,,
2017-02-06,141.0,139.23721,,,,,141.0,139.23721,,,,
2017-02-07,128.0,131.35394,,,,,128.0,131.35394,,,,
2017-02-08,108.0,117.593704,,,,,108.0,117.593704,,,,
2017-02-09,116.0,120.86782,,,,,116.0,120.86782,,,,
2017-02-10,172.0,161.32399,,,,,172.0,161.32399,,,,
2017-02-11,109.0,118.462364,,,,,109.0,118.462364,,,,
2017-02-12,144.0,130.29655,,,,,144.0,130.29655,,,,
2017-02-13,122.0,125.84908,,,,,122.0,125.84908,,,,
2017-02-14,112.0,121.55324,,,,,112.0,121.55324,,,,
2017-02-15,112.0,115.80034,,,,,112.0,115.80034,,,,
2017-02-16,116.0,124.05569,,,,,116.0,124.05569,,,,
2017-02-17,190.0,164.73062,,,,,190.0,164.73062,,,,
2017-02-18,127.0,123.72438,,,,,127.0,123.72438,,,,
2017-02-19,126.0,130.35335,,,,,126.0,130.35335,,,,
2017-02-20,118.0,131.09543,,,,,118.0,131.09543,,,,
2017-02-21,135.0,136.35939,,,,,135.0,136.35939,,,,
2017-02-22,123.0,124.61834,,,,,123.0,124.61834,,,,
2017-02-23,134.0,120.72764,,,,,134.0,120.72764,,,,
2017-02-24,160.0,156.1558,,,,,160.0,156.1558,,,,
2017-02-25,101.0,118.18689,,,,,101.0,118.18689,,,,
2017-02-26,148.0,140.19121,,,,,148.0,140.19121,,,,
2017-02-27,143.0,135.8934,,,,,143.0,135.8934,,,,
2017-02-28,148.0,144.78821,,,,,148.0,144.78821,,,,
2017-03-01,136.0,131.99423,,,,,136.0,131.99423,,,,
2017-03-02,102.0,119.657974,,,,,102.0,119.657974,,,,
2017-03-03,153.0,159.87704,,,,,153.0,159.87704,,,,
2017-03-04,127.0,127.59542,,,,,127.0,127.59542,,,,
2017-03-05,109.0,130.38629,,,,,109.0,130.38629,,,,
2017-03-06,130.0,128.90363,,,,,130.0,128.90363,,,,
2017-03-07,132.0,132.72977,,,,,132.0,132.72977,,,,
2017-03-08,139.0,126.01381,,,,,139.0,126.01381,,,,
2017-03-09,108.0,121.11704,,,,,108.0,121.11704,,,,
2017-03-10,144.0,158.32579,,,,,144.0,158.32579,,,,
2017-03-11,124.0,121.91802,,,,,124.0,121.91802,,,,
2017-03-12,148.0,142.69762,,,,,148.0,142.69762,,,,
2017-03-13,143.0,131.89122,,,,,143.0,131.89122,,,,
2017-03-14,133.0,132.55238,,,,,133.0,132.55238,,,,
2017-03-15,135.0,127.75593,,,,,135.0,127.75593,,,,
2017-03-16,123.0,122.907845,,,,,123.0,122.907845,,,,
2017-03-17,165.0,163.01819,,,,,165.0,163.01819,,,,
2017-03-18,119.0,117.92386,,,,,119.0,117.92386,,,,
2017-03-19,108.0,129.54439,,,,,108.0,129.54439,,,,
2017-03-20,138.0,134.27106,,,,,138.0,134.27106,,,,
2017-03-21,147.0,135.50122,,,,,147.0,135.50122,,,,
2017-03-22,120.0,128.35732,,,,,120.0,128.35732,,,,
2017-03-23,143.0,121.034134,,,,,143.0,121.034134,,,,
2017-03-24,154.0,149.03857,,,,,154.0,149.03857,,,,
2017-03-25,122.0,123.24081,,,,,122.0,123.24081,,,,
2017-03-26,163.0,140.74602,,,,,163.0,140.74602,,,,
2017-03-27,128.0,138.80067,,,,,128.0,138.80067,,,,
2017-03-28,138.0,138.60687,,,,,138.0,138.60687,,,,
2017-03-29,130.0,130.41902,,,,,130.0,130.41902,,,,
2017-03-30,115.0,126.07809,,,,,115.0,126.07809,,,,
2017-03-31,167.0,159.06207,,,,,167.0,159.06207,,,,
2017-04-01,122.0,123.813835,,,,,122.0,123.813835,,,,
2017-04-02,159.0,143.84717,,,,,159.0,143.84717,,,,
2017-04-03,135.0,133.3121,,,,,135.0,133.3121,,,,
2017-04-04,140.0,135.90292,,,,,140.0,135.90292,,,,
2017-04-05,139.0,132.78665,,,,,139.0,132.78665,,,,
2017-04-06,100.0,118.12873,,,,,100.0,118.12873,,,,
2017-04-07,179.0,157.51837,,,,,179.0,157.51837,,,,
2017-04-08,119.0,120.58104,,,,,119.0,120.58104,,,,
2017-04-09,115.0,132.59163,,,,,115.0,132.59163,,,,
2017-04-10,148.0,137.19008,,,,,148.0,137.19008,,,,
2017-04-11,125.0,135.56575,,,,,125.0,135.56575,,,,
2017-04-12,125.0,129.45145,,,,,125.0,129.45145,,,,
2017-04-13,112.0,117.546585,,,,,112.0,117.546585,,,,
2017-04-14,141.0,152.92912,,,,,141.0,152.92912,,,,
2017-04-15,104.0,114.12848,,,,,104.0,114.12848,,,,
2017-04-16,107.0,111.32136,,,,,107.0,111.32136,,,,
2017-04-17,83.0,96.68184,,,,,83.0,96.68184,,,,
2017-04-18,128.0,132.62575,,,,,128.0,132.62575,,,,
2017-04-19,133.0,123.56796,,,,,133.0,123.56796,,,,
2017-04-20,105.0,119.68057,,,,,105.0,119.68057,,,,
2017-04-21,154.0,154.4016,,,,,154.0,154.4016,,,,
2017-04-22,117.0,119.23925,,,,,117.0,119.23925,,,,
2017-04-23,142.0,142.07048,,,,,142.0,142.07048,,,,
2017-04-24,150.0,134.06586,,,,,150.0,134.06586,,,,
2017-04-25,162.0,145.26341,,,,,162.0,145.26341,,,,
2017-04-26,104.0,123.19455,,,,,104.0,123.19455,,,,
2017-04-27,115.0,119.87875,,,,,115.0,119.87875,,,,
2017-04-28,169.0,155.30693,,,,,169.0,155.30693,,,,
2017-04-29,120.0,120.5384,,,,,120.0,120.5384,,,,
2017-04-30,95.0,128.91222,,,,,95.0,128.91222,,,,
2017-05-01,93.0,103.78475,,,,,93.0,103.78475,,,,
2017-05-02,153.0,139.10208,,,,,153.0,139.10208,,,,
2017-05-03,136.0,130.39835,,,,,136.0,130.39835,,,,
2017-05-04,141.0,121.57716,,,,,141.0,121.57716,,,,
2017-05-05,164.0,157.57082,,,,,164.0,157.57082,,,,
2017-05-06,137.0,126.16432,,,,,137.0,126.16432,,,,
2017-05-07,115.0,126.74053,,,,,115.0,126.74053,,,,
2017-05-08,133.0,136.02559,,,,,133.0,136.02559,,,,
2017-05-09,133.0,139.47188,,,,,133.0,139.47188,,,,
2017-05-10,129.0,127.86176,,,,,129.0,127.86176,,,,
2017-05-11,115.0,123.15891,,,,,115.0,123.15891,,,,
2017-05-12,178.0,160.12492,,,,,178.0,160.12492,,,,
2017-05-13,116.0,120.862,,,,,116.0,120.862,,,,
2017-05-14,136.0,131.16289,,,,,136.0,131.16289,,,,
2017-05-15,148.0,135.80107,,,,,148.0,135.80107,,,,
2017-05-16,138.0,140.58972,,,,,138.0,140.58972,,,,
2017-05-17,118.0,126.49569,,,,,118.0,126.49569,,,,
2017-05-18,115.0,125.273346,,,,,115.0,125.273346,,,,
2017-05-19,169.0,159.9119,,,,,169.0,159.9119,,,,
2017-05-20,130.0,123.12807,,,,,130.0,123.12807,,,,
2017-05-21,162.0,133.30447,,,,,162.0,133.30447,,,,
2017-05-22,145.0,137.3478,,,,,145.0,137.3478,,,,
2017-05-23,114.0,139.9719,,,,,114.0,139.9719,,,,
2017-05-24,117.0,122.13776,,,,,117.0,122.13776,,,,
2017-05-25,127.0,129.4233,,,,,127.0,129.4233,,,,
2017-05-26,147.0,156.05493,,,,,147.0,156.05493,,,,
2017-05-27,118.0,125.30098,,,,,118.0,125.30098,,,,
2017-05-28,130.0,129.50252,,,,,130.0,129.50252,,,,
2017-05-29,148.0,144.54753,,,,,148.0,144.54753,,,,
2017-05-30,145.0,142.009,,,,,145.0,142.009,,,,
2017-05-31,138.0,130.06879,,,,,138.0,130.06879,,,,
2017-06-01,136.0,128.06497,,,,,136.0,128.06497,,,,
2017-06-02,150.0,154.85236,,,,,150.0,154.85236,,,,
2017-06-03,112.0,129.78615,,,,,112.0,129.78615,,,,
2017-06-04,116.0,116.16861,,,,,116.0,116.16861,,,,
2017-06-05,151.0,143.3586,,,,,151.0,143.3586,,,,
2017-06-06,120.0,135.8211,,,,,120.0,135.8211,,,,
2017-06-07,134.0,128.48538,,,,,134.0,128.48538,,,,
2017-06-08,131.0,126.09441,,,,,131.0,126.09441,,,,
2017-06-09,153.0,153.57414,,,,,153.0,153.57414,,,,
2017-06-10,109.0,119.89786,,,,,109.0,119.89786,,,,
2017-06-11,194.0,150.46661,,,,,194.0,150.46661,,,,
2017-06-12,141.0,148.25897,,,,,141.0,148.25897,,,,
2017-06-13,129.0,131.86337,,,,,129.0,131.86337,,,,
2017-06-14,99.0,124.37599,,,,,99.0,124.37599,,,,
2017-06-15,110.0,109.75549,,,,,110.0,109.75549,,,,
2017-06-16,197.0,171.38885,,,,,197.0,171.38885,,,,
2017-06-17,107.0,118.58646,,,,,107.0,118.58646,,,,
2017-06-18,169.0,154.4719,,,,,169.0,154.4719,,,,
2017-06-19,148.0,145.16927,,,,,148.0,145.16927,,,,
2017-06-20,121.0,132.3989,,,,,121.0,132.3989,,,,
2017-06-21,123.0,127.62788,,,,,123.0,127.62788,,,,
2017-06-22,132.0,128.18112,,,,,132.0,128.18112,,,,
2017-06-23,157.0,153.65555,,,,,157.0,153.65555,,,,
2017-06-24,125.0,116.25963,,,,,125.0,116.25963,,,,
2017-06-25,117.0,126.0995,,,,,117.0,126.0995,,,,
2017-06-26,132.0,134.96117,,,,,132.0,134.96117,,,,
2017-06-27,176.0,147.18701,,,,,176.0,147.18701,,,,
2017-06-28,117.0,120.355446,,,,,117.0,120.355446,,,,
2017-06-29,103.0,119.740715,,,,,103.0,119.740715,,,,
2017-06-30,140.0,148.58708,,,,,140.0,148.58708,,,,
2017-07-01,120.0,111.995705,,,,,120.0,111.995705,,,,
2017-07-02,138.0,130.72891,,,,,138.0,130.72891,,,,
2017-07-03,131.0,137.71587,,,,,131.0,137.71587,,,,
2017-07-04,119.0,127.548454,,,,,119.0,127.548454,,,,
2017-07-05,122.0,119.842285,,,,,122.0,119.842285,,,,
2017-07-06,87.0,113.06289,,,,,87.0,113.06289,,,,
2017-07-07,146.0,149.45776,,,,,146.0,149.45776,,,,
2017-07-08,105.0,110.513916,,,,,105.0,110.513916,,,,
2017-07-09,146.0,143.46692,,,,,146.0,143.46692,,,,
2017-07-10,131.0,128.40382,,,,,131.0,128.40382,,,,
2017-07-11,133.0,124.606476,,,,,133.0,124.606476,,,,
2017-07-12,88.0,110.23411,,,,,88.0,110.23411,,,,
2017-07-13,93.0,106.228294,,,,,93.0,106.228294,,,,
2017-07-14,170.0,161.31696,,,,,170.0,161.31696,,,,
2017-07-15,103.0,106.314064,,,,,103.0,106.314064,,,,
2017-07-16,116.0,129.4965,,,,,116.0,129.4965,,,,
2017-07-17,119.0,127.17805,,,,,119.0,127.17805,,,,
2017-07-18,168.0,142.99007,,,,,168.0,142.99007,,,,
2017-07-19,115.0,117.913864,,,,,115.0,117.913864,,,,
2017-07-20,101.0,111.60527,,,,,101.0,111.60527,,,,
2017-07-21,154.0,146.4774,,,,,154.0,146.4774,,,,
2017-07-22,100.0,109.723854,,,,,100.0,109.723854,,,,
2017-07-23,108.0,118.87348,,,,,108.0,118.87348,,,,
2017-07-24,124.0,126.93163,,,,,124.0,126.93163,,,,
2017-07-25,141.0,136.36517,,,,,141.0,136.36517,,,,
2017-07-26,107.0,114.363,,,,,107.0,114.363,,,,
2017-07-27,113.0,113.50329,,,,,113.0,113.50329,,,,
2017-07-28,145.0,151.89732,,,,,145.0,151.89732,,,,
2017-07-29,126.0,112.50145,,,,,126.0,112.50145,,,,
2017-07-30,140.0,133.00587,,,,,140.0,133.00587,,,,
2017-07-31,122.0,127.15677,,,,,122.0,127.15677,,,,
2017-08-01,139.0,134.48279,,,,,139.0,134.48279,,,,
2017-08-02,106.0,112.652115,,,,,106.0,112.652115,,,,
2017-08-03,110.0,108.83513,,,,,110.0,108.83513,,,,
2017-08-04,155.0,150.72382,,,,,155.0,150.72382,,,,
2017-08-05,95.0,105.98996,,,,,95.0,105.98996,,,,
2017-08-06,113.0,126.22959,,,,,113.0,126.22959,,,,
2017-08-07,126.0,125.30028,,,,,126.0,125.30028,,,,
2017-08-08,157.0,141.5725,,,,,157.0,141.5725,,,,
2017-08-09,106.0,107.02691,,,,,106.0,107.02691,,,,
2017-08-10,118.0,113.79541,,,,,118.0,113.79541,,,,
2017-08-11,167.0,153.31567,,,,,167.0,153.31567,,,,
2017-08-12,91.0,105.70901,,,,,91.0,105.70901,,,,
2017-08-13,159.0,136.79996,,,,,159.0,136.79996,,,,
2017-08-14,144.0,131.93506,,,,,144.0,131.93506,,,,
2017-08-15,105.0,114.77388,,,,,105.0,114.77388,,,,
2017-08-16,115.0,117.546295,,,,,115.0,117.546295,,,,
2017-08-17,109.0,114.60319,,,,,109.0,114.60319,,,,
2017-08-18,173.0,158.79683,,,,,173.0,158.79683,,,,
2017-08-19,105.0,103.548515,,,,,105.0,103.548515,,,,
2017-08-20,141.0,140.22867,,,,,141.0,140.22867,,,,
2017-08-21,126.0,129.96338,,,,,126.0,129.96338,,,,
2017-08-22,121.0,128.81276,,,,,121.0,128.81276,,,,
2017-08-23,126.0,113.7404,,,,,126.0,113.7404,,,,
2017-08-24,98.0,111.41693,,,,,98.0,111.41693,,,,
2017-08-25,143.0,148.31465,,,,,143.0,148.31465,,,,
2017-08-26,125.0,116.066246,,,,,125.0,116.066246,,,,
2017-08-27,114.0,128.93935,,,,,114.0,128.93935,,,,
2017-08-28,127.0,125.19424,,,,,127.0,125.19424,,,,
2017-08-29,164.0,143.88016,,,,,164.0,143.88016,,,,
2017-08-30,108.0,116.31952,,,,,108.0,116.31952,,,,
2017-08-31,106.0,111.815636,,,,,106.0,111.815636,,,,
2017-09-01,143.0,149.77184,,,,,143.0,149.77184,,,,
2017-09-02,87.0,104.75796,,,,,87.0,104.75796,,,,
2017-09-03,111.0,120.191475,,,,,111.0,120.191475,,,,
2017-09-04,113.0,123.79009,,,,,113.0,123.79009,,,,
2017-09-05,152.0,136.01486,,,,,152.0,136.01486,,,,
2017-09-06,132.0,117.84987,,,,,132.0,117.84987,,,,
2017-09-07,120.0,116.57881,,,,,120.0,116.57881,,,,
2017-09-08,166.0,150.98323,,,,,166.0,150.98323,,,,
2017-09-09,116.0,115.497986,,,,,116.0,115.497986,,,,
2017-09-10,156.0,148.28241,,,,,156.0,148.28241,,,,
2017-09-11,125.0,127.09127,,,,,125.0,127.09127,,,,
2017-09-12,131.0,125.98015,,,,,131.0,125.98015,,,,
2017-09-13,115.0,118.92223,,,,,115.0,118.92223,,,,
2017-09-14,91.0,111.97395,,,,,91.0,111.97395,,,,
2017-09-15,121.0,139.01486,,,,,121.0,139.01486,,,,
2017-09-16,123.0,112.60653,,,,,123.0,112.60653,,,,
2017-09-17,87.0,115.118385,,,,,87.0,115.118385,,,,
2017-09-18,124.0,124.376526,,,,,124.0,124.376526,,,,
2017-09-19,121.0,132.2482,,,,,121.0,132.2482,,,,
2017-09-20,104.0,110.93854,,,,,104.0,110.93854,,,,
2017-09-21,99.0,112.22763,,,,,99.0,112.22763,,,,
2017-09-22,135.0,137.26805,,,,,135.0,137.26805,,,,
2017-09-23,125.0,117.50197,,,,,125.0,117.50197,,,,
2017-09-24,144.0,122.3548,,,,,144.0,122.3548,,,,
2017-09-25,139.0,130.80087,,,,,139.0,130.80087,,,,
2017-09-26,123.0,136.23802,,,,,123.0,136.23802,,,,
2017-09-27,116.0,117.843,,,,,116.0,117.843,,,,
2017-09-28,110.0,113.77042,,,,,110.0,113.77042,,,,
2017-09-29,149.0,141.5953,,,,,149.0,141.5953,,,,
2017-09-30,113.0,113.1394,,,,,113.0,113.1394,,,,
2017-10-01,97.0,123.065674,,,,,97.0,123.065674,,,,
2017-10-02,127.0,128.41306,,,,,127.0,128.41306,,,,
2017-10-03,139.0,132.96298,,,,,139.0,132.96298,,,,
2017-10-04,102.0,115.74167,,,,,102.0,115.74167,,,,
2017-10-05,97.0,112.59381,,,,,97.0,112.59381,,,,
2017-10-06,141.0,138.17001,,,,,141.0,138.17001,,,,
2017-10-07,114.0,114.30666,,,,,114.0,114.30666,,,,
2017-10-08,136.0,132.44798,,,,,136.0,132.44798,,,,
2017-10-09,140.0,131.53279,,,,,140.0,131.53279,,,,
2017-10-10,110.0,126.52326,,,,,110.0,126.52326,,,,
2017-10-11,129.0,119.66797,,,,,129.0,119.66797,,,,
2017-10-12,107.0,113.79246,,,,,107.0,113.79246,,,,
2017-10-13,150.0,136.50386,,,,,150.0,136.50386,,,,
2017-10-14,98.0,113.67349,,,,,98.0,113.67349,,,,
2017-10-15,162.0,133.02583,,,,,162.0,133.02583,,,,
2017-10-16,134.0,135.23973,,,,,134.0,135.23973,,,,
2017-10-17,114.0,121.14777,,,,,114.0,121.14777,,,,
2017-10-18,115.0,119.66395,,,,,115.0,119.66395,,,,
2017-10-19,98.0,114.82538,,,,,98.0,114.82538,,,,
2017-10-20,177.0,153.62204,,,,,177.0,153.62204,,,,
2017-10-21,120.0,113.80556,,,,,120.0,113.80556,,,,
2017-10-22,93.0,121.91245,,,,,93.0,121.91245,,,,
2017-10-23,111.0,124.65425,,,,,111.0,124.65425,,,,
2017-10-24,123.0,125.96633,,,,,123.0,125.96633,,,,
2017-10-25,116.0,115.99336,,,,,116.0,115.99336,,,,
2017-10-26,134.0,116.16156,,,,,134.0,116.16156,,,,
2017-10-27,153.0,147.28552,,,,,153.0,147.28552,,,,
2017-10-28,102.0,112.7891,,,,,102.0,112.7891,,,,
2017-10-29,111.0,117.742256,,,,,111.0,117.742256,,,,
2017-10-30,115.0,125.90184,,,,,115.0,125.90184,,,,
2017-10-31,127.0,127.71432,,,,,127.0,127.71432,,,,
2017-11-01,94.0,102.75301,,,,,94.0,102.75301,,,,
2017-11-02,105.0,111.7502,,,,,105.0,111.7502,,,,
2017-11-03,153.0,152.32558,,,,,153.0,152.32558,,,,
2017-11-04,100.0,110.88908,,,,,100.0,110.88908,,,,
2017-11-05,119.0,124.81464,,,,,119.0,124.81464,,,,
2017-11-06,117.0,123.611404,,,,,117.0,123.611404,,,,
2017-11-07,128.0,126.21544,,,,,128.0,126.21544,,,,
2017-11-08,119.0,118.784134,,,,,119.0,118.784134,,,,
2017-11-09,108.0,113.369965,,,,,108.0,113.369965,,,,
2017-11-10,151.0,154.16882,,,,,151.0,154.16882,,,,
2017-11-11,89.0,99.52406,,,,,89.0,99.52406,,,,
2017-11-12,176.0,148.08717,,,,,176.0,148.08717,,,,
2017-11-13,130.0,125.58546,,,,,130.0,125.58546,,,,
2017-11-14,118.0,122.73653,,,,,118.0,122.73653,,,,
2017-11-15,128.0,119.24669,,,,,128.0,119.24669,,,,
2017-11-16,131.0,120.19078,,,,,131.0,120.19078,,,,
2017-11-17,169.0,162.72333,,,,,169.0,162.72333,,,,
2017-11-18,128.0,117.55083,,,,,128.0,117.55083,,,,
2017-11-19,128.0,128.16672,,,,,128.0,128.16672,,,,
2017-11-20,151.0,135.62138,,,,,151.0,135.62138,,,,
2017-11-21,145.0,129.12032,,,,,145.0,129.12032,,,,
2017-11-22,133.0,124.30334,,,,,133.0,124.30334,,,,
2017-11-23,131.0,122.870346,,,,,131.0,122.870346,,,,
2017-11-24,151.0,153.84175,,,,,151.0,153.84175,,,,
2017-11-25,118.0,117.00946,,,,,118.0,117.00946,,,,
2017-11-26,145.0,133.17183,,,,,145.0,133.17183,,,,
2017-11-27,143.0,137.20819,,,,,143.0,137.20819,,,,
2017-11-28,126.0,130.87926,,,,,126.0,130.87926,,,,
2017-11-29,109.0,119.898674,,,,,109.0,119.898674,,,,
2017-11-30,124.0,119.91642,,,,,124.0,119.91642,,,,
2017-12-01,160.0,158.06764,,,,,160.0,158.06764,,,,
2017-12-02,105.0,113.960526,,,,,105.0,113.960526,,,,
2017-12-03,126.0,132.51111,,,,,126.0,132.51111,,,,
2017-12-04,140.0,134.54227,,,,,140.0,134.54227,,,,
2017-12-05,140.0,128.01028,,,,,140.0,128.01028,,,,
2017-12-06,126.0,120.261284,,,,,126.0,120.261284,,,,
2017-12-07,110.0,118.008896,,,,,110.0,118.008896,,,,
2017-12-08,157.0,157.32678,,,,,157.0,157.32678,,,,
2017-12-09,115.0,114.3454,,,,,115.0,114.3454,,,,
2017-12-10,103.0,128.16591,,,,,103.0,128.16591,,,,
2017-12-11,118.0,131.52545,,,,,118.0,131.52545,,,,
2017-12-12,164.0,137.35127,,,,,164.0,137.35127,,,,
2017-12-13,120.0,120.45647,,,,,120.0,120.45647,,,,
2017-12-14,121.0,119.08929,,,,,121.0,119.08929,,,,
2017-12-15,179.0,156.79439,,,,,179.0,156.79439,,,,
2017-12-16,121.0,117.46126,,,,,121.0,117.46126,,,,
2017-12-17,132.0,128.85818,,,,,132.0,128.85818,,,,
2017-12-18,126.0,133.09285,,,,,126.0,133.09285,,,,
2017-12-19,96.0,119.33949,,,,,96.0,119.33949,,,,
2017-12-20,100.0,113.04611,,,,,100.0,113.04611,,,,
2017-12-21,100.0,110.4714,,,,,100.0,110.4714,,,,
2017-12-22,133.0,143.48553,,,,,133.0,143.48553,,,,
2017-12-23,106.0,110.235176,,,,,106.0,110.235176,,,,
2017-12-24,86.0,103.75026,,,,,86.0,103.75026,,,,
2017-12-25,83.0,92.78684,,,,,83.0,92.78684,,,,
2018-01-01,,,115.0,116.294235,,,,,115.0,116.294235,,
2018-01-02,,,148.0,147.23123,,,,,148.0,147.23123,,
2018-01-03,,,136.0,132.03242,,,,,136.0,132.03242,,
2018-01-04,,,113.0,124.044205,,,,,113.0,124.044205,,
2018-01-05,,,173.0,163.23244,,,,,173.0,163.23244,,
2018-01-06,,,114.0,112.58319,,,,,114.0,112.58319,,
2018-01-07,,,119.0,127.23985,,,,,119.0,127.23985,,
2018-01-08,,,113.0,120.886116,,,,,113.0,120.886116,,
2018-01-09,,,124.0,130.55905,,,,,124.0,130.55905,,
2018-01-10,,,120.0,125.30983,,,,,120.0,125.30983,,
2018-01-11,,,107.0,119.08507,,,,,107.0,119.08507,,
2018-01-12,,,161.0,160.95224,,,,,161.0,160.95224,,
2018-01-13,,,130.0,123.48156,,,,,130.0,123.48156,,
2018-01-14,,,157.0,135.35107,,,,,157.0,135.35107,,
2018-01-15,,,122.0,128.51321,,,,,122.0,128.51321,,
2018-01-16,,,126.0,127.5995,,,,,126.0,127.5995,,
2018-01-17,,,111.0,120.42539,,,,,111.0,120.42539,,
2018-01-18,,,99.0,115.09416,,,,,99.0,115.09416,,
2018-01-19,,,148.0,150.61488,,,,,148.0,150.61488,,
2018-01-20,,,120.0,119.936104,,,,,120.0,119.936104,,
2018-01-21,,,126.0,132.11868,,,,,126.0,132.11868,,
2018-01-22,,,134.0,131.60527,,,,,134.0,131.60527,,
2018-01-23,,,153.0,137.56767,,,,,153.0,137.56767,,
2018-01-24,,,117.0,121.45948,,,,,117.0,121.45948,,
2018-01-25,,,114.0,121.06062,,,,,114.0,121.06062,,
2018-01-26,,,171.0,166.35475,,,,,171.0,166.35475,,
2018-01-27,,,120.0,124.36959,,,,,120.0,124.36959,,
2018-01-28,,,148.0,139.03331,,,,,148.0,139.03331,,
2018-01-29,,,131.0,131.23396,,,,,131.0,131.23396,,
2018-01-30,,,138.0,134.00375,,,,,138.0,134.00375,,
2018-01-31,,,114.0,127.96582,,,,,114.0,127.96582,,
2018-02-01,,,164.0,127.54058,,,,,164.0,127.54058,,
2018-02-02,,,163.0,160.7358,,,,,163.0,160.7358,,
2018-02-03,,,116.0,122.83641,,,,,116.0,122.83641,,
2018-02-04,,,126.0,131.74083,,,,,126.0,131.74083,,
2018-02-05,,,124.0,129.41855,,,,,124.0,129.41855,,
2018-02-06,,,114.0,121.686005,,,,,114.0,121.686005,,
2018-02-07,,,100.0,113.96487,,,,,100.0,113.96487,,
2018-02-08,,,114.0,123.988976,,,,,114.0,123.988976,,
2018-02-09,,,148.0,158.04572,,,,,148.0,158.04572,,
2018-02-10,,,121.0,123.247795,,,,,121.0,123.247795,,
2018-02-11,,,169.0,149.44388,,,,,169.0,149.44388,,
2018-02-12,,,129.0,133.71706,,,,,129.0,133.71706,,
2018-02-13,,,125.0,134.56444,,,,,125.0,134.56444,,
2018-02-14,,,104.0,118.232475,,,,,104.0,118.232475,,
2018-02-15,,,136.0,127.28159,,,,,136.0,127.28159,,
2018-02-16,,,162.0,154.12262,,,,,162.0,154.12262,,
2018-02-17,,,120.0,124.06321,,,,,120.0,124.06321,,
2018-02-18,,,131.0,135.87498,,,,,131.0,135.87498,,
2018-02-19,,,134.0,133.48047,,,,,134.0,133.48047,,
2018-02-20,,,171.0,145.6237,,,,,171.0,145.6237,,
2018-02-21,,,136.0,125.05572,,,,,136.0,125.05572,,
2018-02-22,,,120.0,125.30967,,,,,120.0,125.30967,,
2018-02-23,,,158.0,156.64934,,,,,158.0,156.64934,,
2018-02-24,,,120.0,119.17782,,,,,120.0,119.17782,,
2018-02-25,,,149.0,139.94878,,,,,149.0,139.94878,,
2018-02-26,,,131.0,125.640564,,,,,131.0,125.640564,,
2018-02-27,,,115.0,122.78841,,,,,115.0,122.78841,,
2018-02-28,,,121.0,118.30516,,,,,121.0,118.30516,,
2018-03-01,,,108.0,123.59448,,,,,108.0,123.59448,,
2018-03-02,,,156.0,154.76028,,,,,156.0,154.76028,,
2018-03-03,,,115.0,118.16488,,,,,115.0,118.16488,,
2018-03-04,,,161.0,145.60736,,,,,161.0,145.60736,,
2018-03-05,,,125.0,124.12738,,,,,125.0,124.12738,,
2018-03-06,,,141.0,135.09744,,,,,141.0,135.09744,,
2018-03-07,,,145.0,124.82172,,,,,145.0,124.82172,,
2018-03-08,,,141.0,127.915565,,,,,141.0,127.915565,,
2018-03-09,,,154.0,154.38266,,,,,154.0,154.38266,,
2018-03-10,,,129.0,124.0852,,,,,129.0,124.0852,,
2018-03-11,,,126.0,144.62843,,,,,126.0,144.62843,,
2018-03-12,,,159.0,138.9859,,,,,159.0,138.9859,,
2018-03-13,,,115.0,136.53961,,,,,115.0,136.53961,,
2018-03-14,,,115.0,127.38786,,,,,115.0,127.38786,,
2018-03-15,,,126.0,128.43553,,,,,126.0,128.43553,,
2018-03-16,,,157.0,156.10474,,,,,157.0,156.10474,,
2018-03-17,,,117.0,120.913605,,,,,117.0,120.913605,,
2018-03-18,,,132.0,136.4501,,,,,132.0,136.4501,,
2018-03-19,,,112.0,128.92935,,,,,112.0,128.92935,,
2018-03-20,,,110.0,126.90977,,,,,110.0,126.90977,,
2018-03-21,,,119.0,128.65108,,,,,119.0,128.65108,,
2018-03-22,,,103.0,120.61593,,,,,103.0,120.61593,,
2018-03-23,,,150.0,150.70679,,,,,150.0,150.70679,,
2018-03-24,,,121.0,120.44805,,,,,121.0,120.44805,,
2018-03-25,,,103.0,134.50739,,,,,103.0,134.50739,,
2018-03-26,,,136.0,130.75471,,,,,136.0,130.75471,,
2018-03-27,,,151.0,134.08308,,,,,151.0,134.08308,,
2018-03-28,,,118.0,130.48749,,,,,118.0,130.48749,,
2018-03-29,,,102.0,111.345764,,,,,102.0,111.345764,,
2018-03-30,,,137.0,147.38025,,,,,137.0,147.38025,,
2018-03-31,,,88.0,112.70862,,,,,88.0,112.70862,,
2018-04-01,,,92.0,100.10487,,,,,92.0,100.10487,,
2018-04-02,,,100.0,103.45782,,,,,100.0,103.45782,,
2018-04-03,,,105.0,126.65261,,,,,105.0,126.65261,,
2018-04-04,,,119.0,124.494675,,,,,119.0,124.494675,,
2018-04-05,,,128.0,123.81728,,,,,128.0,123.81728,,
2018-04-06,,,170.0,158.94305,,,,,170.0,158.94305,,
2018-04-07,,,126.0,123.13404,,,,,126.0,123.13404,,
2018-04-08,,,150.0,135.20627,,,,,150.0,135.20627,,
2018-04-09,,,142.0,139.88039,,,,,142.0,139.88039,,
2018-04-10,,,112.0,131.293,,,,,112.0,131.293,,
2018-04-11,,,129.0,126.9816,,,,,129.0,126.9816,,
2018-04-12,,,133.0,124.50359,,,,,133.0,124.50359,,
2018-04-13,,,149.0,146.22455,,,,,149.0,146.22455,,
2018-04-14,,,103.0,120.97121,,,,,103.0,120.97121,,
2018-04-15,,,119.0,130.46507,,,,,119.0,130.46507,,
2018-04-16,,,156.0,138.97708,,,,,156.0,138.97708,,
2018-04-17,,,152.0,137.66772,,,,,152.0,137.66772,,
2018-04-18,,,126.0,129.0197,,,,,126.0,129.0197,,
2018-04-19,,,122.0,126.0065,,,,,122.0,126.0065,,
2018-04-20,,,147.0,152.18112,,,,,147.0,152.18112,,
2018-04-21,,,130.0,123.72045,,,,,130.0,123.72045,,
2018-04-22,,,129.0,129.56728,,,,,129.0,129.56728,,
2018-04-23,,,139.0,141.29005,,,,,139.0,141.29005,,
2018-04-24,,,139.0,138.22911,,,,,139.0,138.22911,,
2018-04-25,,,117.0,126.78086,,,,,117.0,126.78086,,
2018-04-26,,,101.0,119.49605,,,,,101.0,119.49605,,
2018-04-27,,,166.0,154.87521,,,,,166.0,154.87521,,
2018-04-28,,,105.0,118.01274,,,,,105.0,118.01274,,
2018-04-29,,,174.0,140.05257,,,,,174.0,140.05257,,
2018-04-30,,,136.0,138.01062,,,,,136.0,138.01062,,
2018-05-01,,,107.0,110.78704,,,,,107.0,110.78704,,
2018-05-02,,,130.0,126.65124,,,,,130.0,126.65124,,
2018-05-03,,,98.0,106.794464,,,,,98.0,106.794464,,
2018-05-04,,,139.0,151.30486,,,,,139.0,151.30486,,
2018-05-05,,,124.0,125.549324,,,,,124.0,125.549324,,
2018-05-06,,,150.0,139.11201,,,,,150.0,139.11201,,
2018-05-07,,,127.0,135.00023,,,,,127.0,135.00023,,
2018-05-08,,,173.0,146.88605,,,,,173.0,146.88605,,
2018-05-09,,,127.0,127.17009,,,,,127.0,127.17009,,
2018-05-10,,,120.0,126.63057,,,,,120.0,126.63057,,
2018-05-11,,,139.0,149.9951,,,,,139.0,149.9951,,
2018-05-12,,,138.0,126.020325,,,,,138.0,126.020325,,
2018-05-13,,,188.0,158.31723,,,,,188.0,158.31723,,
2018-05-14,,,132.0,136.6461,,,,,132.0,136.6461,,
2018-05-15,,,121.0,135.39622,,,,,121.0,135.39622,,
2018-05-16,,,119.0,122.073746,,,,,119.0,122.073746,,
2018-05-17,,,107.0,119.36842,,,,,107.0,119.36842,,
2018-05-18,,,137.0,140.21364,,,,,137.0,140.21364,,
2018-05-19,,,112.0,121.70608,,,,,112.0,121.70608,,
2018-05-20,,,121.0,124.81769,,,,,121.0,124.81769,,
2018-05-21,,,138.0,132.23782,,,,,138.0,132.23782,,
2018-05-22,,,163.0,147.45044,,,,,163.0,147.45044,,
2018-05-23,,,137.0,127.575035,,,,,137.0,127.575035,,
2018-05-24,,,114.0,121.56892,,,,,114.0,121.56892,,
2018-05-25,,,147.0,143.71216,,,,,147.0,143.71216,,
2018-05-26,,,109.0,114.93522,,,,,109.0,114.93522,,
2018-05-27,,,183.0,161.75719,,,,,183.0,161.75719,,
2018-05-28,,,149.0,136.94121,,,,,149.0,136.94121,,
2018-05-29,,,124.0,133.14499,,,,,124.0,133.14499,,
2018-05-30,,,133.0,131.21484,,,,,133.0,131.21484,,
2018-05-31,,,105.0,110.26216,,,,,105.0,110.26216,,
2018-06-01,,,161.0,152.40489,,,,,161.0,152.40489,,
2018-06-02,,,121.0,120.384895,,,,,121.0,120.384895,,
2018-06-03,,,121.0,140.7416,,,,,121.0,140.7416,,
2018-06-04,,,151.0,142.87312,,,,,151.0,142.87312,,
2018-06-05,,,178.0,151.04892,,,,,178.0,151.04892,,
2018-06-06,,,119.0,129.60524,,,,,119.0,129.60524,,
2018-06-07,,,127.0,127.5164,,,,,127.0,127.5164,,
2018-06-08,,,157.0,147.66011,,,,,157.0,147.66011,,
2018-06-09,,,120.0,129.81032,,,,,120.0,129.81032,,
2018-06-10,,,158.0,153.98103,,,,,158.0,153.98103,,
2018-06-11,,,136.0,140.9935,,,,,136.0,140.9935,,
2018-06-12,,,140.0,138.10971,,,,,140.0,138.10971,,
2018-06-13,,,134.0,129.01646,,,,,134.0,129.01646,,
2018-06-14,,,111.0,123.98352,,,,,111.0,123.98352,,
2018-06-15,,,156.0,156.74617,,,,,156.0,156.74617,,
2018-06-16,,,123.0,119.791664,,,,,123.0,119.791664,,
2018-06-17,,,128.0,139.81752,,,,,128.0,139.81752,,
2018-06-18,,,136.0,141.71269,,,,,136.0,141.71269,,
2018-06-19,,,147.0,147.95337,,,,,147.0,147.95337,,
2018-06-20,,,123.0,132.47021,,,,,123.0,132.47021,,
2018-06-21,,,108.0,121.619736,,,,,108.0,121.619736,,
2018-06-22,,,144.0,154.3126,,,,,144.0,154.3126,,
2018-06-23,,,109.0,112.75366,,,,,109.0,112.75366,,
2018-06-24,,,147.0,143.54813,,,,,147.0,143.54813,,
2018-06-25,,,119.0,123.27812,,,,,119.0,123.27812,,
2018-06-26,,,114.0,133.52094,,,,,114.0,133.52094,,
2018-06-27,,,144.0,122.8558,,,,,144.0,122.8558,,
2018-06-28,,,97.0,106.79354,,,,,97.0,106.79354,,
2018-06-29,,,160.0,151.46133,,,,,160.0,151.46133,,
2018-06-30,,,103.0,110.9994,,,,,103.0,110.9994,,
2018-07-01,,,146.0,135.6527,,,,,146.0,135.6527,,
2018-07-02,,,124.0,127.8002,,,,,124.0,127.8002,,
2018-07-03,,,138.0,137.42126,,,,,138.0,137.42126,,
2018-07-04,,,140.0,131.56964,,,,,140.0,131.56964,,
2018-07-05,,,137.0,123.47131,,,,,137.0,123.47131,,
2018-07-06,,,145.0,149.1832,,,,,145.0,149.1832,,
2018-07-07,,,120.0,115.56765,,,,,120.0,115.56765,,
2018-07-08,,,133.0,139.49414,,,,,133.0,139.49414,,
2018-07-09,,,164.0,139.53586,,,,,164.0,139.53586,,
2018-07-10,,,174.0,143.94647,,,,,174.0,143.94647,,
2018-07-11,,,124.0,126.862236,,,,,124.0,126.862236,,
2018-07-12,,,107.0,118.32684,,,,,107.0,118.32684,,
2018-07-13,,,157.0,152.03136,,,,,157.0,152.03136,,
2018-07-14,,,112.0,108.7636,,,,,112.0,108.7636,,
2018-07-15,,,116.0,126.37982,,,,,116.0,126.37982,,
2018-07-16,,,137.0,129.06499,,,,,137.0,129.06499,,
2018-07-17,,,114.0,129.78491,,,,,114.0,129.78491,,
2018-07-18,,,124.0,123.17329,,,,,124.0,123.17329,,
2018-07-19,,,110.0,106.0348,,,,,110.0,106.0348,,
2018-07-20,,,164.0,153.03856,,,,,164.0,153.03856,,
2018-07-21,,,102.0,106.8756,,,,,102.0,106.8756,,
2018-07-22,,,143.0,139.03525,,,,,143.0,139.03525,,
2018-07-23,,,110.0,132.66414,,,,,110.0,132.66414,,
2018-07-24,,,118.0,120.535675,,,,,118.0,120.535675,,
2018-07-25,,,120.0,125.53994,,,,,120.0,125.53994,,
2018-07-26,,,103.0,110.463135,,,,,103.0,110.463135,,
2018-07-27,,,119.0,146.14569,,,,,119.0,146.14569,,
2018-07-28,,,104.0,106.9806,,,,,104.0,106.9806,,
2018-07-29,,,114.0,125.53927,,,,,114.0,125.53927,,
2018-07-30,,,121.0,121.3074,,,,,121.0,121.3074,,
2018-07-31,,,154.0,140.22525,,,,,154.0,140.22525,,
2018-08-01,,,116.0,123.06163,,,,,116.0,123.06163,,
2018-08-02,,,111.0,117.26921,,,,,111.0,117.26921,,
2018-08-03,,,154.0,144.57137,,,,,154.0,144.57137,,
2018-08-04,,,100.0,109.996574,,,,,100.0,109.996574,,
2018-08-05,,,95.0,116.7474,,,,,95.0,116.7474,,
2018-08-06,,,134.0,132.31387,,,,,134.0,132.31387,,
2018-08-07,,,161.0,140.78212,,,,,161.0,140.78212,,
2018-08-08,,,131.0,121.05177,,,,,131.0,121.05177,,
2018-08-09,,,93.0,109.19555,,,,,93.0,109.19555,,
2018-08-10,,,159.0,148.76326,,,,,159.0,148.76326,,
2018-08-11,,,83.0,102.48338,,,,,83.0,102.48338,,
2018-08-12,,,120.0,126.18055,,,,,120.0,126.18055,,
2018-08-13,,,148.0,135.17389,,,,,148.0,135.17389,,
2018-08-14,,,99.0,121.1719,,,,,99.0,121.1719,,
2018-08-15,,,99.0,106.91856,,,,,99.0,106.91856,,
2018-08-16,,,116.0,111.96824,,,,,116.0,111.96824,,
2018-08-17,,,156.0,152.9851,,,,,156.0,152.9851,,
2018-08-18,,,79.0,103.362465,,,,,79.0,103.362465,,
2018-08-19,,,124.0,129.14973,,,,,124.0,129.14973,,
2018-08-20,,,140.0,136.4117,,,,,140.0,136.4117,,
2018-08-21,,,130.0,131.81128,,,,,130.0,131.81128,,
2018-08-22,,,123.0,121.074265,,,,,123.0,121.074265,,
2018-08-23,,,119.0,113.68298,,,,,119.0,113.68298,,
2018-08-24,,,148.0,144.55746,,,,,148.0,144.55746,,
2018-08-25,,,92.0,101.54905,,,,,92.0,101.54905,,
2018-08-26,,,162.0,140.18167,,,,,162.0,140.18167,,
2018-08-27,,,134.0,136.21906,,,,,134.0,136.21906,,
2018-08-28,,,120.0,129.87009,,,,,120.0,129.87009,,
2018-08-29,,,94.0,115.09913,,,,,94.0,115.09913,,
2018-08-30,,,117.0,116.74071,,,,,117.0,116.74071,,
2018-08-31,,,147.0,154.13383,,,,,147.0,154.13383,,
2018-09-01,,,97.0,103.92421,,,,,97.0,103.92421,,
2018-09-02,,,162.0,142.46344,,,,,162.0,142.46344,,
2018-09-03,,,117.0,133.93442,,,,,117.0,133.93442,,
2018-09-04,,,127.0,134.61125,,,,,127.0,134.61125,,
2018-09-05,,,129.0,120.61444,,,,,129.0,120.61444,,
2018-09-06,,,124.0,118.36876,,,,,124.0,118.36876,,
2018-09-07,,,141.0,152.12158,,,,,141.0,152.12158,,
2018-09-08,,,128.0,115.71203,,,,,128.0,115.71203,,
2018-09-09,,,130.0,132.55774,,,,,130.0,132.55774,,
2018-09-10,,,129.0,134.66396,,,,,129.0,134.66396,,
2018-09-11,,,143.0,128.71722,,,,,143.0,128.71722,,
2018-09-12,,,128.0,122.12389,,,,,128.0,122.12389,,
2018-09-13,,,127.0,123.457504,,,,,127.0,123.457504,,
2018-09-14,,,145.0,144.59404,,,,,145.0,144.59404,,
2018-09-15,,,96.0,113.569145,,,,,96.0,113.569145,,
2018-09-16,,,108.0,129.83444,,,,,108.0,129.83444,,
2018-09-17,,,126.0,129.53539,,,,,126.0,129.53539,,
2018-09-18,,,123.0,129.03552,,,,,123.0,129.03552,,
2018-09-19,,,120.0,122.458176,,,,,120.0,122.458176,,
2018-09-20,,,125.0,119.60403,,,,,125.0,119.60403,,
2018-09-21,,,152.0,141.58754,,,,,152.0,141.58754,,
2018-09-22,,,115.0,112.60775,,,,,115.0,112.60775,,
2018-09-23,,,155.0,145.97697,,,,,155.0,145.97697,,
2018-09-24,,,129.0,127.26502,,,,,129.0,127.26502,,
2018-09-25,,,95.0,121.97851,,,,,95.0,121.97851,,
2018-09-26,,,115.0,116.49702,,,,,115.0,116.49702,,
2018-09-27,,,107.0,118.88771,,,,,107.0,118.88771,,
2018-09-28,,,134.0,137.97635,,,,,134.0,137.97635,,
2018-09-29,,,107.0,113.40821,,,,,107.0,113.40821,,
2018-09-30,,,145.0,138.83554,,,,,145.0,138.83554,,
2018-10-01,,,154.0,135.14099,,,,,154.0,135.14099,,
2018-10-02,,,107.0,125.08901,,,,,107.0,125.08901,,
2018-10-03,,,105.0,119.28182,,,,,105.0,119.28182,,
2018-10-04,,,93.0,115.154884,,,,,93.0,115.154884,,
2018-10-05,,,155.0,141.25648,,,,,155.0,141.25648,,
2018-10-06,,,121.0,117.69979,,,,,121.0,117.69979,,
2018-10-07,,,103.0,120.3885,,,,,103.0,120.3885,,
2018-10-08,,,142.0,132.87804,,,,,142.0,132.87804,,
2018-10-09,,,129.0,128.38702,,,,,129.0,128.38702,,
2018-10-10,,,135.0,123.54207,,,,,135.0,123.54207,,
2018-10-11,,,121.0,117.17697,,,,,121.0,117.17697,,
2018-10-12,,,160.0,149.55598,,,,,160.0,149.55598,,
2018-10-13,,,117.0,116.52677,,,,,117.0,116.52677,,
2018-10-14,,,157.0,134.71991,,,,,157.0,134.71991,,
2018-10-15,,,132.0,136.40651,,,,,132.0,136.40651,,
2018-10-16,,,130.0,125.82471,,,,,130.0,125.82471,,
2018-10-17,,,120.0,123.623924,,,,,120.0,123.623924,,
2018-10-18,,,131.0,117.115005,,,,,131.0,117.115005,,
2018-10-19,,,156.0,151.40706,,,,,156.0,151.40706,,
2018-10-20,,,97.0,114.063515,,,,,97.0,114.063515,,
2018-10-21,,,147.0,139.08136,,,,,147.0,139.08136,,
2018-10-22,,,127.0,131.77419,,,,,127.0,131.77419,,
2018-10-23,,,103.0,116.83458,,,,,103.0,116.83458,,
2018-10-24,,,107.0,120.18277,,,,,107.0,120.18277,,
2018-10-25,,,111.0,113.53453,,,,,111.0,113.53453,,
2018-10-26,,,164.0,149.09468,,,,,164.0,149.09468,,
2018-10-27,,,120.0,112.91862,,,,,120.0,112.91862,,
2018-10-28,,,140.0,137.68742,,,,,140.0,137.68742,,
2018-10-29,,,127.0,129.29535,,,,,127.0,129.29535,,
2018-10-30,,,118.0,120.29916,,,,,118.0,120.29916,,
2018-10-31,,,105.0,119.23573,,,,,105.0,119.23573,,
2018-11-01,,,92.0,99.79595,,,,,92.0,99.79595,,
2018-11-02,,,153.0,153.17616,,,,,153.0,153.17616,,
2018-11-03,,,105.0,112.68123,,,,,105.0,112.68123,,
2018-11-04,,,99.0,119.0226,,,,,99.0,119.0226,,
2018-11-05,,,114.0,127.47099,,,,,114.0,127.47099,,
2018-11-06,,,157.0,132.9476,,,,,157.0,132.9476,,
2018-11-07,,,140.0,122.84151,,,,,140.0,122.84151,,
2018-11-08,,,120.0,120.08133,,,,,120.0,120.08133,,
2018-11-09,,,151.0,153.2307,,,,,151.0,153.2307,,
2018-11-10,,,114.0,117.309685,,,,,114.0,117.309685,,
2018-11-11,,,113.0,120.67537,,,,,113.0,120.67537,,
2018-11-12,,,129.0,126.50274,,,,,129.0,126.50274,,
2018-11-13,,,138.0,131.7041,,,,,138.0,131.7041,,
2018-11-14,,,134.0,124.24647,,,,,134.0,124.24647,,
2018-11-15,,,123.0,116.28343,,,,,123.0,116.28343,,
2018-11-16,,,157.0,156.06946,,,,,157.0,156.06946,,
2018-11-17,,,87.0,107.775635,,,,,87.0,107.775635,,
2018-11-18,,,159.0,134.59709,,,,,159.0,134.59709,,
2018-11-19,,,137.0,129.55585,,,,,137.0,129.55585,,
2018-11-20,,,126.0,123.75581,,,,,126.0,123.75581,,
2018-11-21,,,132.0,122.74998,,,,,132.0,122.74998,,
2018-11-22,,,115.0,115.965645,,,,,115.0,115.965645,,
2018-11-23,,,154.0,153.43748,,,,,154.0,153.43748,,
2018-11-24,,,99.0,115.60781,,,,,99.0,115.60781,,
2018-11-25,,,163.0,142.67334,,,,,163.0,142.67334,,
2018-11-26,,,157.0,134.21184,,,,,157.0,134.21184,,
2018-11-27,,,112.0,125.49082,,,,,112.0,125.49082,,
2018-11-28,,,124.0,121.26647,,,,,124.0,121.26647,,
2018-11-29,,,114.0,114.95489,,,,,114.0,114.95489,,
2018-11-30,,,138.0,150.39397,,,,,138.0,150.39397,,
2018-12-01,,,118.0,113.74939,,,,,118.0,113.74939,,
2018-12-02,,,125.0,125.16017,,,,,125.0,125.16017,,
2018-12-03,,,173.0,146.27133,,,,,173.0,146.27133,,
2018-12-04,,,125.0,133.45866,,,,,125.0,133.45866,,
2018-12-05,,,116.0,126.14227,,,,,116.0,126.14227,,
2018-12-06,,,128.0,118.350365,,,,,128.0,118.350365,,
2018-12-07,,,156.0,152.48471,,,,,156.0,152.48471,,
2018-12-08,,,117.0,115.66568,,,,,117.0,115.66568,,
2018-12-09,,,148.0,130.69368,,,,,148.0,130.69368,,
2018-12-10,,,135.0,138.70714,,,,,135.0,138.70714,,
2018-12-11,,,128.0,128.33505,,,,,128.0,128.33505,,
2018-12-12,,,128.0,123.08652,,,,,128.0,123.08652,,
2018-12-13,,,116.0,117.68967,,,,,116.0,117.68967,,
2018-12-14,,,151.0,147.94572,,,,,151.0,147.94572,,
2018-12-15,,,120.0,114.55374,,,,,120.0,114.55374,,
2018-12-16,,,158.0,143.44388,,,,,158.0,143.44388,,
2018-12-17,,,144.0,139.13005,,,,,144.0,139.13005,,
2018-12-18,,,110.0,118.89312,,,,,110.0,118.89312,,
2018-12-19,,,114.0,117.94806,,,,,114.0,117.94806,,
2018-12-20,,,104.0,109.19688,,,,,104.0,109.19688,,
2018-12-21,,,152.0,149.33514,,,,,152.0,149.33514,,
2018-12-22,,,110.0,109.875175,,,,,110.0,109.875175,,
2018-12-23,,,150.0,141.78824,,,,,150.0,141.78824,,
2018-12-24,,,91.0,114.09402,,,,,91.0,114.09402,,
2018-12-25,,,81.0,87.000175,,,,,81.0,87.000175,,
2019-01-01,,,,,117.0,113.18302,,,,,117.0,113.18302
2019-01-02,,,,,126.0,123.075836,,,,,126.0,123.075836
2019-01-03,,,,,113.0,121.51955,,,,,113.0,121.51955
2019-01-04,,,,,163.0,158.31708,,,,,163.0,158.31708
2019-01-05,,,,,108.0,120.17409,,,,,108.0,120.17409
2019-01-06,,,,,149.0,134.68686,,,,,149.0,134.68686
2019-01-07,,,,,129.0,128.52373,,,,,129.0,128.52373
2019-01-08,,,,,121.0,131.02124,,,,,121.0,131.02124
2019-01-09,,,,,135.0,121.73173,,,,,135.0,121.73173
2019-01-10,,,,,115.0,120.89371,,,,,115.0,120.89371
2019-01-11,,,,,139.0,154.58673,,,,,139.0,154.58673
2019-01-12,,,,,114.0,118.71497,,,,,114.0,118.71497
2019-01-13,,,,,160.0,141.27185,,,,,160.0,141.27185
2019-01-14,,,,,139.0,127.73615,,,,,139.0,127.73615
2019-01-15,,,,,138.0,128.93597,,,,,138.0,128.93597
2019-01-16,,,,,128.0,128.45915,,,,,128.0,128.45915
2019-01-17,,,,,126.0,122.09745,,,,,126.0,122.09745
2019-01-18,,,,,159.0,159.71075,,,,,159.0,159.71075
2019-01-19,,,,,102.0,119.74687,,,,,102.0,119.74687
2019-01-20,,,,,96.0,141.41713,,,,,96.0,141.41713
2019-01-21,,,,,130.0,133.60649,,,,,130.0,133.60649
2019-01-22,,,,,151.0,132.11975,,,,,151.0,132.11975
2019-01-23,,,,,118.0,124.70533,,,,,118.0,124.70533
2019-01-24,,,,,122.0,123.927826,,,,,122.0,123.927826
2019-01-25,,,,,152.0,146.98875,,,,,152.0,146.98875
2019-01-26,,,,,109.0,115.37655,,,,,109.0,115.37655
2019-01-27,,,,,161.0,131.35463,,,,,161.0,131.35463
2019-01-28,,,,,143.0,130.73187,,,,,143.0,130.73187
2019-01-29,,,,,134.0,133.194,,,,,134.0,133.194
2019-01-30,,,,,112.0,122.2327,,,,,112.0,122.2327
2019-01-31,,,,,144.0,119.22141,,,,,144.0,119.22141
2019-02-01,,,,,149.0,155.02425,,,,,149.0,155.02425
2019-02-02,,,,,113.0,114.28927,,,,,113.0,114.28927
2019-02-03,,,,,149.0,138.3643,,,,,149.0,138.3643
2019-02-04,,,,,128.0,139.44556,,,,,128.0,139.44556
2019-02-05,,,,,111.0,133.85399,,,,,111.0,133.85399
2019-02-06,,,,,131.0,126.82397,,,,,131.0,126.82397
2019-02-07,,,,,145.0,126.11265,,,,,145.0,126.11265
2019-02-08,,,,,165.0,156.00693,,,,,165.0,156.00693
2019-02-09,,,,,134.0,118.96217,,,,,134.0,118.96217
2019-02-10,,,,,148.0,150.55269,,,,,148.0,150.55269
2019-02-11,,,,,130.0,132.11855,,,,,130.0,132.11855
2019-02-12,,,,,124.0,138.2656,,,,,124.0,138.2656
2019-02-13,,,,,122.0,124.12723,,,,,122.0,124.12723
2019-02-14,,,,,126.0,131.5116,,,,,126.0,131.5116
2019-02-15,,,,,183.0,155.37685,,,,,183.0,155.37685
2019-02-16,,,,,126.0,120.88146,,,,,126.0,120.88146
2019-02-17,,,,,150.0,140.31274,,,,,150.0,140.31274
2019-02-18,,,,,150.0,132.42876,,,,,150.0,132.42876
2019-02-19,,,,,128.0,137.86618,,,,,128.0,137.86618
2019-02-20,,,,,123.0,127.10376,,,,,123.0,127.10376
2019-02-21,,,,,111.0,128.97818,,,,,111.0,128.97818
2019-02-22,,,,,183.0,158.28339,,,,,183.0,158.28339
2019-02-23,,,,,107.0,120.766495,,,,,107.0,120.766495
2019-02-24,,,,,86.0,153.15187,,,,,86.0,153.15187
2019-02-25,,,,,122.0,131.3659,,,,,122.0,131.3659
2019-02-26,,,,,126.0,130.96867,,,,,126.0,130.96867
2019-02-27,,,,,128.0,123.749695,,,,,128.0,123.749695
2019-02-28,,,,,120.0,128.13412,,,,,120.0,128.13412
2019-03-01,,,,,144.0,161.9123,,,,,144.0,161.9123
2019-03-02,,,,,76.0,120.907524,,,,,76.0,120.907524
2019-03-03,,,,,163.0,142.59601,,,,,163.0,142.59601
2019-03-04,,,,,130.0,136.23332,,,,,130.0,136.23332
2019-03-05,,,,,121.0,126.73061,,,,,121.0,126.73061
2019-03-06,,,,,131.0,123.85143,,,,,131.0,123.85143
2019-03-07,,,,,118.0,128.07933,,,,,118.0,128.07933
2019-03-08,,,,,163.0,159.84644,,,,,163.0,159.84644
2019-03-09,,,,,114.0,113.300835,,,,,114.0,113.300835
2019-03-10,,,,,154.0,145.9661,,,,,154.0,145.9661
2019-03-11,,,,,109.0,137.85594,,,,,109.0,137.85594
2019-03-12,,,,,107.0,131.42961,,,,,107.0,131.42961
2019-03-13,,,,,109.0,124.1922,,,,,109.0,124.1922
2019-03-14,,,,,115.0,119.46682,,,,,115.0,119.46682
2019-03-15,,,,,181.0,152.61009,,,,,181.0,152.61009
2019-03-16,,,,,93.0,116.84619,,,,,93.0,116.84619
2019-03-17,,,,,100.0,146.0414,,,,,100.0,146.0414
2019-03-18,,,,,120.0,132.3028,,,,,120.0,132.3028
2019-03-19,,,,,118.0,128.2795,,,,,118.0,128.2795
2019-03-20,,,,,109.0,125.50144,,,,,109.0,125.50144
2019-03-21,,,,,107.0,119.97975,,,,,107.0,119.97975
2019-03-22,,,,,176.0,156.20099,,,,,176.0,156.20099
2019-03-23,,,,,104.0,119.13728,,,,,104.0,119.13728
2019-03-24,,,,,109.0,133.00302,,,,,109.0,133.00302
2019-03-25,,,,,113.0,130.10368,,,,,113.0,130.10368
2019-03-26,,,,,153.0,129.71545,,,,,153.0,129.71545
2019-03-27,,,,,124.0,123.105865,,,,,124.0,123.105865
2019-03-28,,,,,120.0,121.314415,,,,,120.0,121.314415
2019-03-29,,,,,150.0,152.83244,,,,,150.0,152.83244
2019-03-30,,,,,115.0,118.24132,,,,,115.0,118.24132
2019-03-31,,,,,140.0,145.1938,,,,,140.0,145.1938
2019-04-01,,,,,142.0,133.68446,,,,,142.0,133.68446
2019-04-02,,,,,143.0,134.00482,,,,,143.0,134.00482
2019-04-03,,,,,128.0,126.08854,,,,,128.0,126.08854
2019-04-04,,,,,136.0,129.36035,,,,,136.0,129.36035
2019-04-05,,,,,157.0,158.73561,,,,,157.0,158.73561
2019-04-06,,,,,128.0,122.71788,,,,,128.0,122.71788
2019-04-07,,,,,163.0,138.98944,,,,,163.0,138.98944
2019-04-08,,,,,122.0,135.15984,,,,,122.0,135.15984
2019-04-09,,,,,144.0,133.53075,,,,,144.0,133.53075
2019-04-10,,,,,115.0,124.79898,,,,,115.0,124.79898
2019-04-11,,,,,131.0,125.93843,,,,,131.0,125.93843
2019-04-12,,,,,153.0,163.39948,,,,,153.0,163.39948
2019-04-13,,,,,104.0,120.52348,,,,,104.0,120.52348
2019-04-14,,,,,150.0,138.65594,,,,,150.0,138.65594
2019-04-15,,,,,129.0,135.4728,,,,,129.0,135.4728
2019-04-16,,,,,122.0,139.44562,,,,,122.0,139.44562
2019-04-17,,,,,111.0,123.7593,,,,,111.0,123.7593
2019-04-18,,,,,119.0,127.44012,,,,,119.0,127.44012
2019-04-19,,,,,142.0,157.21729,,,,,142.0,157.21729
2019-04-20,,,,,100.0,117.77226,,,,,100.0,117.77226
2019-04-21,,,,,70.0,124.76639,,,,,70.0,124.76639
2019-04-22,,,,,68.0,105.86428,,,,,68.0,105.86428
2019-04-23,,,,,169.0,139.23097,,,,,169.0,139.23097
2019-04-24,,,,,132.0,123.53932,,,,,132.0,123.53932
2019-04-25,,,,,126.0,126.57933,,,,,126.0,126.57933
2019-04-26,,,,,184.0,157.4045,,,,,184.0,157.4045
2019-04-27,,,,,113.0,121.8678,,,,,113.0,121.8678
2019-04-28,,,,,98.0,141.24203,,,,,98.0,141.24203
2019-04-29,,,,,132.0,130.39471,,,,,132.0,130.39471
2019-04-30,,,,,119.0,145.94609,,,,,119.0,145.94609
2019-05-01,,,,,96.0,125.528305,,,,,96.0,125.528305
2019-05-02,,,,,105.0,127.628624,,,,,105.0,127.628624
2019-05-03,,,,,144.0,131.95918,,,,,144.0,131.95918
2019-05-04,,,,,120.0,118.63442,,,,,120.0,118.63442
2019-05-05,,,,,154.0,131.89449,,,,,154.0,131.89449
2019-05-06,,,,,145.0,132.8286,,,,,145.0,132.8286
2019-05-07,,,,,114.0,140.43768,,,,,114.0,140.43768
2019-05-08,,,,,134.0,126.991615,,,,,134.0,126.991615
2019-05-09,,,,,126.0,124.06433,,,,,126.0,124.06433
2019-05-10,,,,,196.0,153.1011,,,,,196.0,153.1011
2019-05-11,,,,,115.0,120.31742,,,,,115.0,120.31742
2019-05-12,,,,,109.0,136.53876,,,,,109.0,136.53876
2019-05-13,,,,,133.0,137.52313,,,,,133.0,137.52313
2019-05-14,,,,,120.0,133.65804,,,,,120.0,133.65804
2019-05-15,,,,,127.0,119.81981,,,,,127.0,119.81981
2019-05-16,,,,,104.0,123.50064,,,,,104.0,123.50064
2019-05-17,,,,,134.0,154.04015,,,,,134.0,154.04015
2019-05-18,,,,,131.0,114.55918,,,,,131.0,114.55918
2019-05-19,,,,,163.0,130.16808,,,,,163.0,130.16808
2019-05-20,,,,,151.0,135.0146,,,,,151.0,135.0146
2019-05-21,,,,,128.0,143.17503,,,,,128.0,143.17503
2019-05-22,,,,,122.0,123.70623,,,,,122.0,123.70623
2019-05-23,,,,,143.0,120.47175,,,,,143.0,120.47175
2019-05-24,,,,,164.0,156.12724,,,,,164.0,156.12724
2019-05-25,,,,,109.0,122.085815,,,,,109.0,122.085815
2019-05-26,,,,,125.0,135.50053,,,,,125.0,135.50053
2019-05-27,,,,,135.0,144.70937,,,,,135.0,144.70937
2019-05-28,,,,,155.0,128.9083,,,,,155.0,128.9083
2019-05-29,,,,,135.0,124.22196,,,,,135.0,124.22196
2019-05-30,,,,,125.0,128.58199,,,,,125.0,128.58199
2019-05-31,,,,,170.0,151.28874,,,,,170.0,151.28874
2019-06-01,,,,,105.0,121.286255,,,,,105.0,121.286255
2019-06-02,,,,,93.0,150.84433,,,,,93.0,150.84433
2019-06-03,,,,,151.0,143.69202,,,,,151.0,143.69202
2019-06-04,,,,,130.0,133.2996,,,,,130.0,133.2996
2019-06-05,,,,,130.0,130.95024,,,,,130.0,130.95024
2019-06-06,,,,,125.0,124.99136,,,,,125.0,124.99136
2019-06-07,,,,,166.0,158.18939,,,,,166.0,158.18939
2019-06-08,,,,,116.0,118.35381,,,,,116.0,118.35381
2019-06-09,,,,,185.0,126.837166,,,,,185.0,126.837166
2019-06-10,,,,,138.0,144.19337,,,,,138.0,144.19337
2019-06-11,,,,,126.0,133.7364,,,,,126.0,133.7364
2019-06-12,,,,,126.0,127.88091,,,,,126.0,127.88091
2019-06-13,,,,,134.0,126.09297,,,,,134.0,126.09297
2019-06-14,,,,,165.0,157.6049,,,,,165.0,157.6049
2019-06-15,,,,,109.0,118.11297,,,,,109.0,118.11297
2019-06-16,,,,,135.0,135.4208,,,,,135.0,135.4208
2019-06-17,,,,,120.0,146.02124,,,,,120.0,146.02124
2019-06-18,,,,,101.0,137.809,,,,,101.0,137.809
2019-06-19,,,,,127.0,123.72283,,,,,127.0,123.72283
2019-06-20,,,,,122.0,113.65407,,,,,122.0,113.65407
2019-06-21,,,,,170.0,154.34543,,,,,170.0,154.34543
2019-06-22,,,,,100.0,109.73721,,,,,100.0,109.73721
2019-06-23,,,,,175.0,135.61966,,,,,175.0,135.61966
2019-06-24,,,,,140.0,139.19264,,,,,140.0,139.19264
2019-06-25,,,,,108.0,136.2345,,,,,108.0,136.2345
2019-06-26,,,,,117.0,130.0973,,,,,117.0,130.0973
2019-06-27,,,,,91.0,117.524475,,,,,91.0,117.524475
2019-06-28,,,,,135.0,155.3091,,,,,135.0,155.3091
2019-06-29,,,,,104.0,112.78308,,,,,104.0,112.78308
2019-06-30,,,,,177.0,138.12169,,,,,177.0,138.12169
2019-07-01,,,,,145.0,136.39124,,,,,145.0,136.39124
2019-07-02,,,,,120.0,126.13954,,,,,120.0,126.13954
2019-07-03,,,,,138.0,125.57816,,,,,138.0,125.57816
2019-07-04,,,,,108.0,114.94594,,,,,108.0,114.94594
2019-07-05,,,,,149.0,153.42499,,,,,149.0,153.42499
2019-07-06,,,,,108.0,112.80621,,,,,108.0,112.80621
2019-07-07,,,,,105.0,145.64372,,,,,105.0,145.64372
2019-07-08,,,,,119.0,130.44186,,,,,119.0,130.44186
2019-07-09,,,,,167.0,122.42645,,,,,167.0,122.42645
2019-07-10,,,,,109.0,124.87063,,,,,109.0,124.87063
2019-07-11,,,,,105.0,111.0632,,,,,105.0,111.0632
2019-07-12,,,,,121.0,145.62868,,,,,121.0,145.62868
2019-07-13,,,,,99.0,106.244484,,,,,99.0,106.244484
2019-07-14,,,,,96.0,146.02185,,,,,96.0,146.02185
2019-07-15,,,,,136.0,127.35535,,,,,136.0,127.35535
2019-07-16,,,,,136.0,121.1974,,,,,136.0,121.1974
2019-07-17,,,,,108.0,120.61774,,,,,108.0,120.61774
2019-07-18,,,,,105.0,115.39382,,,,,105.0,115.39382
2019-07-19,,,,,153.0,146.25401,,,,,153.0,146.25401
2019-07-20,,,,,90.0,102.45658,,,,,90.0,102.45658
2019-07-21,,,,,93.0,138.5145,,,,,93.0,138.5145
2019-07-22,,,,,130.0,130.12811,,,,,130.0,130.12811
2019-07-23,,,,,169.0,124.498474,,,,,169.0,124.498474
2019-07-24,,,,,130.0,116.25913,,,,,130.0,116.25913
2019-07-25,,,,,128.0,114.71721,,,,,128.0,114.71721
2019-07-26,,,,,152.0,148.35338,,,,,152.0,148.35338
2019-07-27,,,,,82.0,104.995056,,,,,82.0,104.995056
2019-07-28,,,,,92.0,139.11713,,,,,92.0,139.11713
2019-07-29,,,,,126.0,132.18922,,,,,126.0,132.18922
2019-07-30,,,,,164.0,135.75482,,,,,164.0,135.75482
2019-07-31,,,,,111.0,120.23946,,,,,111.0,120.23946
2019-08-01,,,,,107.0,120.60195,,,,,107.0,120.60195
2019-08-02,,,,,143.0,143.79572,,,,,143.0,143.79572
2019-08-03,,,,,104.0,108.43242,,,,,104.0,108.43242
2019-08-04,,,,,153.0,127.683624,,,,,153.0,127.683624
2019-08-05,,,,,129.0,134.1309,,,,,129.0,134.1309
2019-08-06,,,,,117.0,146.54709,,,,,117.0,146.54709
2019-08-07,,,,,132.0,112.71988,,,,,132.0,112.71988
2019-08-08,,,,,127.0,110.96977,,,,,127.0,110.96977
2019-08-09,,,,,132.0,139.33252,,,,,132.0,139.33252
2019-08-10,,,,,101.0,107.171974,,,,,101.0,107.171974
2019-08-11,,,,,108.0,127.26956,,,,,108.0,127.26956
2019-08-12,,,,,123.0,131.43913,,,,,123.0,131.43913
2019-08-13,,,,,176.0,140.9553,,,,,176.0,140.9553
2019-08-14,,,,,115.0,116.14366,,,,,115.0,116.14366
2019-08-15,,,,,87.0,107.22183,,,,,87.0,107.22183
2019-08-16,,,,,159.0,139.76707,,,,,159.0,139.76707
2019-08-17,,,,,91.0,106.12145,,,,,91.0,106.12145
2019-08-18,,,,,84.0,122.499565,,,,,84.0,122.499565
2019-08-19,,,,,128.0,126.84264,,,,,128.0,126.84264
2019-08-20,,,,,131.0,142.08511,,,,,131.0,142.08511
2019-08-21,,,,,117.0,112.98208,,,,,117.0,112.98208
2019-08-22,,,,,121.0,117.790855,,,,,121.0,117.790855
2019-08-23,,,,,160.0,146.22287,,,,,160.0,146.22287
2019-08-24,,,,,91.0,109.20892,,,,,91.0,109.20892
2019-08-25,,,,,89.0,139.41154,,,,,89.0,139.41154
2019-08-26,,,,,121.0,134.36327,,,,,121.0,134.36327
2019-08-27,,,,,157.0,145.90504,,,,,157.0,145.90504
2019-08-28,,,,,115.0,111.85725,,,,,115.0,111.85725
2019-08-29,,,,,112.0,115.90339,,,,,112.0,115.90339
2019-08-30,,,,,149.0,142.58577,,,,,149.0,142.58577
2019-08-31,,,,,100.0,106.01225,,,,,100.0,106.01225
2019-09-01,,,,,150.0,130.63336,,,,,150.0,130.63336
2019-09-02,,,,,124.0,127.27379,,,,,124.0,127.27379
2019-09-03,,,,,102.0,139.60812,,,,,102.0,139.60812
2019-09-04,,,,,106.0,118.58372,,,,,106.0,118.58372
2019-09-05,,,,,105.0,122.022064,,,,,105.0,122.022064
2019-09-06,,,,,127.0,147.24234,,,,,127.0,147.24234
2019-09-07,,,,,86.0,111.41741,,,,,86.0,111.41741
2019-09-08,,,,,98.0,128.65425,,,,,98.0,128.65425
2019-09-09,,,,,117.0,127.51884,,,,,117.0,127.51884
2019-09-10,,,,,156.0,140.63867,,,,,156.0,140.63867
2019-09-11,,,,,114.0,117.942955,,,,,114.0,117.942955
2019-09-12,,,,,124.0,119.654884,,,,,124.0,119.654884
2019-09-13,,,,,143.0,149.96298,,,,,143.0,149.96298
2019-09-14,,,,,98.0,110.887085,,,,,98.0,110.887085
2019-09-15,,,,,118.0,127.22849,,,,,118.0,127.22849
2019-09-16,,,,,127.0,129.37186,,,,,127.0,129.37186
2019-09-17,,,,,112.0,137.11177,,,,,112.0,137.11177
2019-09-18,,,,,102.0,116.21974,,,,,102.0,116.21974
2019-09-19,,,,,91.0,116.61347,,,,,91.0,116.61347
2019-09-20,,,,,143.0,137.52927,,,,,143.0,137.52927
2019-09-21,,,,,93.0,111.78791,,,,,93.0,111.78791
2019-09-22,,,,,164.0,125.40335,,,,,164.0,125.40335
2019-09-23,,,,,109.0,130.00537,,,,,109.0,130.00537
2019-09-24,,,,,161.0,139.23903,,,,,161.0,139.23903
2019-09-25,,,,,117.0,117.398476,,,,,117.0,117.398476
2019-09-26,,,,,103.0,118.52508,,,,,103.0,118.52508
2019-09-27,,,,,153.0,135.59814,,,,,153.0,135.59814
2019-09-28,,,,,105.0,113.82178,,,,,105.0,113.82178
2019-09-29,,,,,94.0,140.97298,,,,,94.0,140.97298
2019-09-30,,,,,103.0,123.5138,,,,,103.0,123.5138
2019-10-01,,,,,119.0,139.30203,,,,,119.0,139.30203
2019-10-02,,,,,101.0,113.25519,,,,,101.0,113.25519
2019-10-03,,,,,94.0,116.7707,,,,,94.0,116.7707
2019-10-04,,,,,137.0,137.64763,,,,,137.0,137.64763
2019-10-05,,,,,118.0,112.735794,,,,,118.0,112.735794
2019-10-06,,,,,148.0,119.872,,,,,148.0,119.872
2019-10-07,,,,,115.0,128.69124,,,,,115.0,128.69124
2019-10-08,,,,,111.0,143.15904,,,,,111.0,143.15904
2019-10-09,,,,,111.0,117.73726,,,,,111.0,117.73726
2019-10-10,,,,,101.0,116.738655,,,,,101.0,116.738655
2019-10-11,,,,,150.0,142.23914,,,,,150.0,142.23914
2019-10-12,,,,,93.0,112.634346,,,,,93.0,112.634346
2019-10-13,,,,,96.0,134.85068,,,,,96.0,134.85068
2019-10-14,,,,,133.0,123.573105,,,,,133.0,123.573105
2019-10-15,,,,,152.0,130.97641,,,,,152.0,130.97641
2019-10-16,,,,,129.0,112.665054,,,,,129.0,112.665054
2019-10-17,,,,,106.0,119.48274,,,,,106.0,119.48274
2019-10-18,,,,,157.0,147.06746,,,,,157.0,147.06746
2019-10-19,,,,,110.0,111.34641,,,,,110.0,111.34641
2019-10-20,,,,,144.0,146.76363,,,,,144.0,146.76363
2019-10-21,,,,,124.0,127.2362,,,,,124.0,127.2362
2019-10-22,,,,,126.0,135.98775,,,,,126.0,135.98775
2019-10-23,,,,,119.0,119.31859,,,,,119.0,119.31859
2019-10-24,,,,,111.0,115.41526,,,,,111.0,115.41526
2019-10-25,,,,,186.0,152.13377,,,,,186.0,152.13377
2019-10-26,,,,,93.0,112.71505,,,,,93.0,112.71505
2019-10-27,,,,,166.0,131.93501,,,,,166.0,131.93501
2019-10-28,,,,,136.0,130.49101,,,,,136.0,130.49101
2019-10-29,,,,,122.0,124.627655,,,,,122.0,124.627655
2019-10-30,,,,,131.0,124.831795,,,,,131.0,124.831795
2019-10-31,,,,,102.0,115.71159,,,,,102.0,115.71159
2019-11-01,,,,,128.0,150.83295,,,,,128.0,150.83295
2019-11-02,,,,,121.0,116.2284,,,,,121.0,116.2284
2019-11-03,,,,,140.0,131.77919,,,,,140.0,131.77919
2019-11-04,,,,,139.0,131.15666,,,,,139.0,131.15666
2019-11-05,,,,,139.0,129.04697,,,,,139.0,129.04697
2019-11-06,,,,,122.0,123.389626,,,,,122.0,123.389626
2019-11-07,,,,,119.0,119.57505,,,,,119.0,119.57505
2019-11-08,,,,,160.0,151.9314,,,,,160.0,151.9314
2019-11-09,,,,,90.0,113.05452,,,,,90.0,113.05452
2019-11-10,,,,,108.0,132.5509,,,,,108.0,132.5509
2019-11-11,,,,,107.0,108.78113,,,,,107.0,108.78113
2019-11-12,,,,,154.0,131.97217,,,,,154.0,131.97217
2019-11-13,,,,,141.0,119.26394,,,,,141.0,119.26394
2019-11-14,,,,,113.0,115.21898,,,,,113.0,115.21898
2019-11-15,,,,,147.0,143.08926,,,,,147.0,143.08926
2019-11-16,,,,,112.0,114.460075,,,,,112.0,114.460075
2019-11-17,,,,,186.0,147.3129,,,,,186.0,147.3129
2019-11-18,,,,,119.0,126.437614,,,,,119.0,126.437614
2019-11-19,,,,,114.0,128.53835,,,,,114.0,128.53835
2019-11-20,,,,,111.0,127.345345,,,,,111.0,127.345345
2019-11-21,,,,,101.0,114.20117,,,,,101.0,114.20117
2019-11-22,,,,,151.0,149.05319,,,,,151.0,149.05319
2019-11-23,,,,,98.0,112.27398,,,,,98.0,112.27398
2019-11-24,,,,,153.0,141.50905,,,,,153.0,141.50905
2019-11-25,,,,,129.0,125.50049,,,,,129.0,125.50049
2019-11-26,,,,,104.0,124.93572,,,,,104.0,124.93572
2019-11-27,,,,,114.0,121.51006,,,,,114.0,121.51006
2019-11-28,,,,,115.0,116.27383,,,,,115.0,116.27383
2019-11-29,,,,,153.0,145.46262,,,,,153.0,145.46262
2019-11-30,,,,,95.0,116.17691,,,,,95.0,116.17691
2019-12-01,,,,,146.0,141.4778,,,,,146.0,141.4778
2019-12-02,,,,,95.0,125.24001,,,,,95.0,125.24001
2019-12-03,,,,,134.0,136.49965,,,,,134.0,136.49965
2019-12-04,,,,,110.0,120.411316,,,,,110.0,120.411316
2019-12-05,,,,,118.0,116.614,,,,,118.0,116.614
2019-12-06,,,,,162.0,150.38716,,,,,162.0,150.38716
2019-12-07,,,,,116.0,110.68153,,,,,116.0,110.68153
2019-12-08,,,,,103.0,138.34935,,,,,103.0,138.34935
2019-12-09,,,,,127.0,122.26009,,,,,127.0,122.26009
2019-12-10,,,,,118.0,139.5519,,,,,118.0,139.5519
2019-12-11,,,,,102.0,121.19764,,,,,102.0,121.19764
2019-12-12,,,,,111.0,113.757545,,,,,111.0,113.757545
2019-12-13,,,,,145.0,153.16042,,,,,145.0,153.16042
2019-12-14,,,,,108.0,113.156586,,,,,108.0,113.156586
2019-12-15,,,,,158.0,141.03586,,,,,158.0,141.03586
2019-12-16,,,,,131.0,127.23632,,,,,131.0,127.23632
2019-12-17,,,,,111.0,124.25819,,,,,111.0,124.25819
2019-12-18,,,,,119.0,114.82849,,,,,119.0,114.82849
2019-12-19,,,,,107.0,111.249275,,,,,107.0,111.249275
2019-12-20,,,,,163.0,154.49034,,,,,163.0,154.49034
2019-12-21,,,,,118.0,111.80344,,,,,118.0,111.80344
2019-12-22,,,,,151.0,140.74704,,,,,151.0,140.74704
2019-12-23,,,,,81.0,122.534775,,,,,81.0,122.534775
2019-12-24,,,,,53.0,112.49832,,,,,53.0,112.49832
2019-12-25,,,,,83.0,109.356316,,,,,83.0,109.356316
